{"domain": "10minutesmail.com", "redirects": ["preself10minutesmail.com", "10minutesmail.com"]}
{"domain": "10minutesmail.com", "redirects": ["preself10minutesmail.com", "10minutesmail.com"]}
{"domain": "4w.io", "redirects": ["preself4w.io", "4w.io"]}
{"domain": "4w.io", "redirects": ["preself4w.io", "4w.io"]}
{"domain": "4w.io", "redirects": ["4w.io", "cpanel.net"]}
{"domain": "4w.io", "redirects": ["4w.io", "cpanel.net"]}
{"domain": "0ak.org", "redirects": ["0ak.org", "1and1.info"]}
{"domain": "0ak.org", "redirects": ["0ak.org", "1and1.info"]}
{"domain": "20minutemail.com", "redirects": ["20minutemail.com", "aruba.it"]}
{"domain": "adios.net", "redirects": ["preselfadios.net", "adios.net"]}
{"domain": "adios.net", "redirects": ["preselfadios.net", "adios.net"]}
{"domain": "adios.net", "redirects": ["adios.net", "cpanel.net"]}
{"domain": "adios.net", "redirects": ["adios.net", "cpanel.net"]}
{"domain": "2014mail.ru", "redirects": ["preself2014mail.ru", "2014mail.ru"]}
{"domain": "2014mail.ru", "redirects": ["preself2014mail.ru", "2014mail.ru"]}
{"domain": "2014mail.ru", "redirects": ["preself2014mail.ru", "2014mail.ru"]}
{"domain": "2014mail.ru", "redirects": ["preself2014mail.ru", "2014mail.ru"]}
{"domain": "2014mail.ru", "redirects": ["2014mail.ru", "cpanel.net"]}
{"domain": "2014mail.ru", "redirects": ["preself2014mail.ru", "2014mail.ru"]}
{"domain": "academiccommunity.com", "redirects": ["preselfacademiccommunity.com", "academiccommunity.com"]}
{"domain": "academiccommunity.com", "redirects": ["preselfacademiccommunity.com", "academiccommunity.com"]}
{"domain": "academiccommunity.com", "redirects": ["preselfacademiccommunity.com", "academiccommunity.com"]}
{"domain": "academiccommunity.com", "redirects": ["preselfacademiccommunity.com", "academiccommunity.com"]}
{"domain": "academiccommunity.com", "redirects": ["academiccommunity.com", "cpanel.net"]}
{"domain": "academiccommunity.com", "redirects": ["preselfacademiccommunity.com", "academiccommunity.com"]}
{"domain": "4pet.ro", "redirects": ["preself4pet.ro", "4pet.ro"]}
{"domain": "4pet.ro", "redirects": ["preself4pet.ro", "4pet.ro"]}
{"domain": "4pet.ro", "redirects": ["preself4pet.ro", "4pet.ro"]}
{"domain": "4pet.ro", "redirects": ["preself4pet.ro", "4pet.ro"]}
{"domain": "4pet.ro", "redirects": ["4pet.ro", "cpanel.net"]}
{"domain": "4pet.ro", "redirects": ["preself4pet.ro", "4pet.ro"]}
{"domain": "anonymize.com", "redirects": ["preselfanonymize.com", "anonymize.com"]}
{"domain": "anonymize.com", "redirects": ["preselfanonymize.com", "anonymize.com"]}
{"domain": "150ml.com", "redirects": ["150ml.com", "fastmail.com"]}
{"domain": "150ml.com", "redirects": ["150ml.com", "fastmail.com"]}
{"domain": "150ml.com", "redirects": ["150ml.com", "fastmail.com"]}
{"domain": "150ml.com", "redirects": ["150ml.com", "fastmail.com"]}
{"domain": "4email.net", "redirects": ["4email.net", "fastmail.com"]}
{"domain": "4email.net", "redirects": ["4email.net", "fastmail.com"]}
{"domain": "4email.net", "redirects": ["4email.net", "fastmail.com"]}
{"domain": "4email.net", "redirects": ["4email.net", "fastmail.com"]}
{"domain": "ashleyandrew.com", "redirects": ["ashleyandrew.com", "1and1.info"]}
{"domain": "ashleyandrew.com", "redirects": ["ashleyandrew.com", "1and1.info"]}
{"domain": "airpost.net", "redirects": ["airpost.net", "fastmail.com"]}
{"domain": "airpost.net", "redirects": ["airpost.net", "fastmail.com"]}
{"domain": "airpost.net", "redirects": ["airpost.net", "fastmail.com"]}
{"domain": "airpost.net", "redirects": ["airpost.net", "fastmail.com"]}
{"domain": "asu.mx", "redirects": ["asu.mx", "1and1.info"]}
{"domain": "asu.mx", "redirects": ["asu.mx", "1and1.info"]}
{"domain": "algeria.com", "redirects": ["preselfalgeria.com", "algeria.com"]}
{"domain": "algeria.com", "redirects": ["preselfalgeria.com", "algeria.com"]}
{"domain": "allmail.net", "redirects": ["allmail.net", "fastmail.com"]}
{"domain": "allmail.net", "redirects": ["allmail.net", "fastmail.com"]}
{"domain": "allmail.net", "redirects": ["allmail.net", "fastmail.com"]}
{"domain": "allmail.net", "redirects": ["allmail.net", "fastmail.com"]}
{"domain": "asurfer.com", "redirects": ["preselfasurfer.com", "asurfer.com"]}
{"domain": "asurfer.com", "redirects": ["preselfasurfer.com", "asurfer.com"]}
{"domain": "asurfer.com", "redirects": ["preselfasurfer.com", "asurfer.com"]}
{"domain": "asurfer.com", "redirects": ["preselfasurfer.com", "asurfer.com"]}
{"domain": "asurfer.com", "redirects": ["asurfer.com", "cpanel.net"]}
{"domain": "asurfer.com", "redirects": ["asurfer.com", "cpanel.net"]}
{"domain": "5july.org", "redirects": ["5july.org", "websupport.sk"]}
{"domain": "5july.org", "redirects": ["5july.org", "websupport.sk"]}
{"domain": "5july.org", "redirects": ["5july.org", "websupport.sk"]}
{"domain": "anit.ro", "redirects": ["preselfanit.ro", "anit.ro"]}
{"domain": "anit.ro", "redirects": ["preselfanit.ro", "anit.ro"]}
{"domain": "anit.ro", "redirects": ["preselfanit.ro", "anit.ro"]}
{"domain": "anit.ro", "redirects": ["preselfanit.ro", "anit.ro"]}
{"domain": "anit.ro", "redirects": ["anit.ro", "cpanel.net"]}
{"domain": "bione.co", "redirects": ["bione.co", "spacemail.com"]}
{"domain": "arcor.de", "redirects": ["preselfarcor.de", "arcor.de"]}
{"domain": "arcor.de", "redirects": ["preselfarcor.de", "arcor.de"]}
{"domain": "arcor.de", "redirects": ["preselfarcor.de", "arcor.de"]}
{"domain": "bigpond.com", "redirects": ["preselfbigpond.com", "bigpond.com"]}
{"domain": "bigpond.com", "redirects": ["preselfbigpond.com", "bigpond.com"]}
{"domain": "bigpond.com", "redirects": ["preselfbigpond.com", "bigpond.com"]}
{"domain": "bigpond.com", "redirects": ["preselfbigpond.com", "bigpond.com"]}
{"domain": "bigpond.com", "redirects": ["preselfbigpond.com", "bigpond.com"]}
{"domain": "blogos.net", "redirects": ["blogos.net", "cpanel.net"]}
{"domain": "bluemail.ch", "redirects": ["preselfbluemail.ch", "bluemail.ch"]}
{"domain": "bluemail.ch", "redirects": ["preselfbluemail.ch", "bluemail.ch"]}
{"domain": "bluemail.ch", "redirects": ["preselfbluemail.ch", "bluemail.ch"]}
{"domain": "bluemail.ch", "redirects": ["preselfbluemail.ch", "bluemail.ch"]}
{"domain": "bluemail.ch", "redirects": ["preselfbluemail.ch", "bluemail.ch"]}
{"domain": "bigblue.net.au", "redirects": ["preselfbigblue.net.au", "bigblue.net.au"]}
{"domain": "bigblue.net.au", "redirects": ["preselfbigblue.net.au", "bigblue.net.au"]}
{"domain": "bigblue.net.au", "redirects": ["bigblue.net.au", "atmailcloud.com"]}
{"domain": "bestmail.us", "redirects": ["bestmail.us", "fastmail.com"]}
{"domain": "bestmail.us", "redirects": ["bestmail.us", "fastmail.com"]}
{"domain": "bestmail.us", "redirects": ["bestmail.us", "fastmail.com"]}
{"domain": "bestmail.us", "redirects": ["bestmail.us", "fastmail.com"]}
{"domain": "bullsfan.com", "redirects": ["bullsfan.com", "secureserver.net"]}
{"domain": "bol.com.br", "redirects": ["bol.com.br", "uol.com.br"]}
{"domain": "bell.net", "redirects": ["preselfbell.net", "bell.net"]}
{"domain": "bell.net", "redirects": ["preselfbell.net", "bell.net"]}
{"domain": "bell.net", "redirects": ["preselfbell.net", "bell.net"]}
{"domain": "bell.net", "redirects": ["preselfbell.net", "bell.net"]}
{"domain": "bell.net", "redirects": ["preselfbell.net", "bell.net"]}
{"domain": "bell.net", "redirects": ["preselfbell.net", "bell.net"]}
{"domain": "bloq.ro", "redirects": ["preselfbloq.ro", "bloq.ro"]}
{"domain": "bright.net", "redirects": ["preselfbright.net", "bright.net"]}
{"domain": "bright.net", "redirects": ["preselfbright.net", "bright.net"]}
{"domain": "bright.net", "redirects": ["preselfbright.net", "bright.net"]}
{"domain": "bright.net", "redirects": ["preselfbright.net", "bright.net"]}
{"domain": "blu.it", "redirects": ["preselfblu.it", "blu.it"]}
{"domain": "bluewin.ch", "redirects": ["preselfbluewin.ch", "bluewin.ch"]}
{"domain": "bluewin.ch", "redirects": ["preselfbluewin.ch", "bluewin.ch"]}
{"domain": "bluewin.ch", "redirects": ["preselfbluewin.ch", "bluewin.ch"]}
{"domain": "bluewin.ch", "redirects": ["preselfbluewin.ch", "bluewin.ch"]}
{"domain": "bluewin.ch", "redirects": ["preselfbluewin.ch", "bluewin.ch"]}
{"domain": "bk.ru", "redirects": ["preselfbk.ru", "bk.ru"]}
{"domain": "bk.ru", "redirects": ["preselfbk.ru", "bk.ru"]}
{"domain": "campano.cl", "redirects": ["preselfcampano.cl", "campano.cl"]}
{"domain": "campano.cl", "redirects": ["preselfcampano.cl", "campano.cl"]}
{"domain": "catcha.com", "redirects": ["preselfcatcha.com", "catcha.com"]}
{"domain": "catcha.com", "redirects": ["preselfcatcha.com", "catcha.com"]}
{"domain": "catcha.com", "redirects": ["preselfcatcha.com", "catcha.com"]}
{"domain": "catcha.com", "redirects": ["preselfcatcha.com", "catcha.com"]}
{"domain": "catcha.com", "redirects": ["catcha.com", "cpanel.net"]}
{"domain": "catcha.com", "redirects": ["preselfcatcha.com", "catcha.com"]}
{"domain": "ce.mintemail.com", "redirects": ["preselfmintemail.com", "mintemail.com"]}
{"domain": "ce.mintemail.com", "redirects": ["preselfmintemail.com", "mintemail.com"]}
{"domain": "ce.mintemail.com", "redirects": ["preselfmintemail.com", "mintemail.com"]}
{"domain": "ce.mintemail.com", "redirects": ["preselfmintemail.com", "mintemail.com"]}
{"domain": "ce.mintemail.com", "redirects": ["mintemail.com", "cpanel.net"]}
{"domain": "ce.mintemail.com", "redirects": ["mintemail.com", "cpanel.net"]}
{"domain": "btopenworld.com", "redirects": ["preselfbtopenworld.com", "btopenworld.com"]}
{"domain": "btopenworld.com", "redirects": ["preselfbtopenworld.com", "btopenworld.com"]}
{"domain": "btopenworld.com", "redirects": ["preselfbtopenworld.com", "btopenworld.com"]}
{"domain": "btopenworld.com", "redirects": ["preselfbtopenworld.com", "btopenworld.com"]}
{"domain": "btopenworld.com", "redirects": ["preselfbtopenworld.com", "btopenworld.com"]}
{"domain": "cdr.fastmail.fm", "redirects": ["fastmail.fm", "fastmail.com"]}
{"domain": "cdr.fastmail.fm", "redirects": ["fastmail.fm", "fastmail.com"]}
{"domain": "cdr.fastmail.fm", "redirects": ["fastmail.fm", "fastmail.com"]}
{"domain": "cazis.fr", "redirects": ["cazis.fr", "infomaniak.com", "infomaniak.com"]}
{"domain": "cazis.fr", "redirects": ["cazis.fr", "infomaniak.com", "infomaniak.com"]}
{"domain": "cazis.fr", "redirects": ["cazis.fr", "infomaniak.com", "infomaniak.com"]}
{"domain": "cazis.fr", "redirects": ["cazis.fr", "infomaniak.com", "infomaniak.com"]}
{"domain": "cazis.fr", "redirects": ["cazis.fr", "infomaniak.com", "infomaniak.com"]}
{"domain": "america.hm", "redirects": ["preselfamerica.hm", "america.hm"]}
{"domain": "america.hm", "redirects": ["preselfamerica.hm", "america.hm"]}
{"domain": "america.hm", "redirects": ["america.hm", "cpanel.net"]}
{"domain": "america.hm", "redirects": ["america.hm", "cpanel.net"]}
{"domain": "cmailg.com", "redirects": ["cmailg.com", "cpanel.net"]}
{"domain": "blueyonder.co.uk", "redirects": ["preselfblueyonder.co.uk", "blueyonder.co.uk"]}
{"domain": "blueyonder.co.uk", "redirects": ["preselfblueyonder.co.uk", "blueyonder.co.uk"]}
{"domain": "blueyonder.co.uk", "redirects": ["preselfblueyonder.co.uk", "blueyonder.co.uk"]}
{"domain": "blueyonder.co.uk", "redirects": ["preselfblueyonder.co.uk", "blueyonder.co.uk"]}
{"domain": "comcast.net", "redirects": ["preselfcomcast.net", "comcast.net"]}
{"domain": "comcast.net", "redirects": ["preselfcomcast.net", "comcast.net"]}
{"domain": "comcast.net", "redirects": ["preselfcomcast.net", "comcast.net"]}
{"domain": "comcast.net", "redirects": ["preselfcomcast.net", "comcast.net"]}
{"domain": "cluemail.com", "redirects": ["cluemail.com", "fastmail.com"]}
{"domain": "cluemail.com", "redirects": ["cluemail.com", "fastmail.com"]}
{"domain": "cluemail.com", "redirects": ["cluemail.com", "fastmail.com"]}
{"domain": "cluemail.com", "redirects": ["cluemail.com", "fastmail.com"]}
{"domain": "crosswinds.net", "redirects": ["preselfcrosswinds.net", "crosswinds.net"]}
{"domain": "crosswinds.net", "redirects": ["preselfcrosswinds.net", "crosswinds.net"]}
{"domain": "crosswinds.net", "redirects": ["preselfcrosswinds.net", "crosswinds.net"]}
{"domain": "crosswinds.net", "redirects": ["preselfcrosswinds.net", "crosswinds.net"]}
{"domain": "crosswinds.net", "redirects": ["crosswinds.net", "cpanel.net"]}
{"domain": "crosswinds.net", "redirects": ["preselfcrosswinds.net", "crosswinds.net"]}
{"domain": "cybernet.it", "redirects": ["cybernet.it", "aruba.it"]}
{"domain": "bigpond.net.au", "redirects": ["preselfbigpond.net.au", "bigpond.net.au"]}
{"domain": "bigpond.net.au", "redirects": ["preselfbigpond.net.au", "bigpond.net.au"]}
{"domain": "bigpond.net.au", "redirects": ["preselfbigpond.net.au", "bigpond.net.au"]}
{"domain": "bigpond.net.au", "redirects": ["preselfbigpond.net.au", "bigpond.net.au"]}
{"domain": "bigpond.net.au", "redirects": ["preselfbigpond.net.au", "bigpond.net.au"]}
{"domain": "chello.nl", "redirects": ["preselfchello.nl", "chello.nl"]}
{"domain": "chello.nl", "redirects": ["preselfchello.nl", "chello.nl"]}
{"domain": "chello.nl", "redirects": ["preselfchello.nl", "chello.nl"]}
{"domain": "deadspam.com", "redirects": ["preselfdeadspam.com", "deadspam.com"]}
{"domain": "deadspam.com", "redirects": ["preselfdeadspam.com", "deadspam.com"]}
{"domain": "deadspam.com", "redirects": ["preselfdeadspam.com", "deadspam.com"]}
{"domain": "deadspam.com", "redirects": ["preselfdeadspam.com", "deadspam.com"]}
{"domain": "deadspam.com", "redirects": ["deadspam.com", "cpanel.net"]}
{"domain": "deadspam.com", "redirects": ["deadspam.com", "cpanel.net"]}
{"domain": "dca.net", "redirects": ["preselfdca.net", "dca.net"]}
{"domain": "dca.net", "redirects": ["preselfdca.net", "dca.net"]}
{"domain": "dca.net", "redirects": ["preselfdca.net", "dca.net"]}
{"domain": "dca.net", "redirects": ["preselfdca.net", "dca.net"]}
{"domain": "dca.net", "redirects": ["preselfdca.net", "dca.net"]}
{"domain": "dca.net", "redirects": ["preselfdca.net", "dca.net"]}
{"domain": "d3p.dk", "redirects": ["d3p.dk", "jtw.dk"]}
{"domain": "doxcity.net", "redirects": ["preselfdoxcity.net", "doxcity.net"]}
{"domain": "doxcity.net", "redirects": ["preselfdoxcity.net", "doxcity.net"]}
{"domain": "doxcity.net", "redirects": ["preselfdoxcity.net", "doxcity.net"]}
{"domain": "doxcity.net", "redirects": ["preselfdoxcity.net", "doxcity.net"]}
{"domain": "doxcity.net", "redirects": ["doxcity.net", "cpanel.net"]}
{"domain": "doxcity.net", "redirects": ["doxcity.net", "cpanel.net"]}
{"domain": "dangerous-minds.com", "redirects": ["preselfdangerous-minds.com", "dangerous-minds.com"]}
{"domain": "dangerous-minds.com", "redirects": ["preselfdangerous-minds.com", "dangerous-minds.com"]}
{"domain": "dragoncon.net", "redirects": ["dragoncon.net", "dreamhost.com"]}
{"domain": "duno.com", "redirects": ["preselfduno.com", "duno.com"]}
{"domain": "duno.com", "redirects": ["preselfduno.com", "duno.com"]}
{"domain": "btinternet.com", "redirects": ["preselfbtinternet.com", "btinternet.com"]}
{"domain": "btinternet.com", "redirects": ["preselfbtinternet.com", "btinternet.com"]}
{"domain": "btinternet.com", "redirects": ["preselfbtinternet.com", "btinternet.com"]}
{"domain": "btinternet.com", "redirects": ["preselfbtinternet.com", "btinternet.com"]}
{"domain": "btinternet.com", "redirects": ["preselfbtinternet.com", "btinternet.com"]}
{"domain": "dlemail.ru", "redirects": ["preselfdlemail.ru", "dlemail.ru"]}
{"domain": "dlemail.ru", "redirects": ["preselfdlemail.ru", "dlemail.ru"]}
{"domain": "dwse.edu.pl", "redirects": ["preselfdwse.edu.pl", "dwse.edu.pl"]}
{"domain": "dwse.edu.pl", "redirects": ["preselfdwse.edu.pl", "dwse.edu.pl"]}
{"domain": "cookiecooker.de", "redirects": ["preselfcookiecooker.de", "cookiecooker.de"]}
{"domain": "cookiecooker.de", "redirects": ["preselfcookiecooker.de", "cookiecooker.de"]}
{"domain": "cookiecooker.de", "redirects": ["cookiecooker.de", "lima-city.de"]}
{"domain": "cookiecooker.de", "redirects": ["preselfcookiecooker.de", "cookiecooker.de"]}
{"domain": "cookiecooker.de", "redirects": ["preselfcookiecooker.de", "cookiecooker.de"]}
{"domain": "e-mail.jp", "redirects": ["preselfe-mail.jp", "e-mail.jp"]}
{"domain": "e-mail.jp", "redirects": ["preselfe-mail.jp", "e-mail.jp"]}
{"domain": "e-mail.jp", "redirects": ["preselfe-mail.jp", "e-mail.jp"]}
{"domain": "e-mail.jp", "redirects": ["preselfe-mail.jp", "e-mail.jp"]}
{"domain": "e-mail.jp", "redirects": ["preselfe-mail.jp", "e-mail.jp"]}
{"domain": "drdrb.com", "redirects": ["drdrb.com", "fastmail.com"]}
{"domain": "drdrb.com", "redirects": ["drdrb.com", "fastmail.com"]}
{"domain": "drdrb.com", "redirects": ["drdrb.com", "fastmail.com"]}
{"domain": "drdrb.com", "redirects": ["drdrb.com", "fastmail.com"]}
{"domain": "drevo.si", "redirects": ["preselfdrevo.si", "drevo.si"]}
{"domain": "drevo.si", "redirects": ["preselfdrevo.si", "drevo.si"]}
{"domain": "drevo.si", "redirects": ["preselfdrevo.si", "drevo.si"]}
{"domain": "drevo.si", "redirects": ["preselfdrevo.si", "drevo.si"]}
{"domain": "drevo.si", "redirects": ["drevo.si", "cpanel.net"]}
{"domain": "drevo.si", "redirects": ["preselfdrevo.si", "drevo.si"]}
{"domain": "dz17.net", "redirects": ["dz17.net", "cpanel.net"]}
{"domain": "emailgo.de", "redirects": ["preselfemailgo.de", "emailgo.de"]}
{"domain": "emailgo.de", "redirects": ["preselfemailgo.de", "emailgo.de"]}
{"domain": "eilersmail.com", "redirects": ["eilersmail.com", "1and1.info"]}
{"domain": "eilersmail.com", "redirects": ["eilersmail.com", "1and1.info"]}
{"domain": "ee1.pl", "redirects": ["ee1.pl", "cyberfolks.pl"]}
{"domain": "einmalmail.de", "redirects": ["einmalmail.de", "deerpower.de"]}
{"domain": "einmalmail.de", "redirects": ["einmalmail.de", "deerpower.de"]}
{"domain": "einmalmail.de", "redirects": ["einmalmail.de", "deerpower.de"]}
{"domain": "esc.la", "redirects": ["preselfesc.la", "esc.la"]}
{"domain": "esc.la", "redirects": ["preselfesc.la", "esc.la"]}
{"domain": "email.cz", "redirects": ["preselfemail.cz", "email.cz"]}
{"domain": "email.cz", "redirects": ["preselfemail.cz", "email.cz"]}
{"domain": "email.cz", "redirects": ["email.cz", "seznam.cz"]}
{"domain": "email.cz", "redirects": ["preselfemail.cz", "email.cz"]}
{"domain": "email.cz", "redirects": ["preselfemail.cz", "email.cz"]}
{"domain": "emailcorner.net", "redirects": ["emailcorner.net", "fastmail.com"]}
{"domain": "emailcorner.net", "redirects": ["emailcorner.net", "fastmail.com"]}
{"domain": "emailcorner.net", "redirects": ["emailcorner.net", "fastmail.com"]}
{"domain": "emailcorner.net", "redirects": ["emailcorner.net", "fastmail.com"]}
{"domain": "emailengine.net", "redirects": ["emailengine.net", "fastmail.com"]}
{"domain": "emailengine.net", "redirects": ["emailengine.net", "fastmail.com"]}
{"domain": "emailengine.net", "redirects": ["emailengine.net", "fastmail.com"]}
{"domain": "emailengine.net", "redirects": ["emailengine.net", "fastmail.com"]}
{"domain": "emailgroups.net", "redirects": ["emailgroups.net", "fastmail.com"]}
{"domain": "emailgroups.net", "redirects": ["emailgroups.net", "fastmail.com"]}
{"domain": "emailgroups.net", "redirects": ["emailgroups.net", "fastmail.com"]}
{"domain": "emailgroups.net", "redirects": ["emailgroups.net", "fastmail.com"]}
{"domain": "comwest.de", "redirects": ["preselfcomwest.de", "comwest.de"]}
{"domain": "comwest.de", "redirects": ["preselfcomwest.de", "comwest.de"]}
{"domain": "euroseek.com", "redirects": ["euroseek.com", "dreamhost.com"]}
{"domain": "crastination.de", "redirects": ["preselfcrastination.de", "crastination.de"]}
{"domain": "crastination.de", "redirects": ["preselfcrastination.de", "crastination.de"]}
{"domain": "emailuser.net", "redirects": ["emailuser.net", "fastmail.com"]}
{"domain": "emailuser.net", "redirects": ["emailuser.net", "fastmail.com"]}
{"domain": "emailuser.net", "redirects": ["emailuser.net", "fastmail.com"]}
{"domain": "emailuser.net", "redirects": ["emailuser.net", "fastmail.com"]}
{"domain": "emeil.ir", "redirects": ["preselfemeil.ir", "emeil.ir"]}
{"domain": "emeil.ir", "redirects": ["preselfemeil.ir", "emeil.ir"]}
{"domain": "emeil.ir", "redirects": ["preselfemeil.ir", "emeil.ir"]}
{"domain": "emeil.ir", "redirects": ["preselfemeil.ir", "emeil.ir"]}
{"domain": "emeil.ir", "redirects": ["emeil.ir", "cpanel.net"]}
{"domain": "emeil.ir", "redirects": ["preselfemeil.ir", "emeil.ir"]}
{"domain": "emailirani.ir", "redirects": ["preselfemailirani.ir", "emailirani.ir"]}
{"domain": "emailirani.ir", "redirects": ["preselfemailirani.ir", "emailirani.ir"]}
{"domain": "emailirani.ir", "redirects": ["preselfemailirani.ir", "emailirani.ir"]}
{"domain": "emailirani.ir", "redirects": ["preselfemailirani.ir", "emailirani.ir"]}
{"domain": "emailirani.ir", "redirects": ["emailirani.ir", "cpanel.net"]}
{"domain": "emailirani.ir", "redirects": ["emailirani.ir", "cpanel.net"]}
{"domain": "fastemailer.com", "redirects": ["fastemailer.com", "fastmail.com"]}
{"domain": "fastemailer.com", "redirects": ["fastemailer.com", "fastmail.com"]}
{"domain": "fastemailer.com", "redirects": ["fastemailer.com", "fastmail.com"]}
{"domain": "fastemailer.com", "redirects": ["fastemailer.com", "fastmail.com"]}
{"domain": "fastmail.com.au", "redirects": ["fastmail.com.au", "fastmail.com"]}
{"domain": "fastmail.com.au", "redirects": ["fastmail.com.au", "fastmail.com"]}
{"domain": "fastmail.com.au", "redirects": ["fastmail.com.au", "fastmail.com"]}
{"domain": "fastmail.com.au", "redirects": ["fastmail.com.au", "fastmail.com"]}
{"domain": "fastemail.us", "redirects": ["fastemail.us", "fastmail.com"]}
{"domain": "fastemail.us", "redirects": ["fastemail.us", "fastmail.com"]}
{"domain": "fastemail.us", "redirects": ["fastemail.us", "fastmail.com"]}
{"domain": "fastemail.us", "redirects": ["fastemail.us", "fastmail.com"]}
{"domain": "forpresident.com", "redirects": ["forpresident.com", "cpanel.net"]}
{"domain": "fastem.com", "redirects": ["fastem.com", "fastmail.com"]}
{"domain": "fastem.com", "redirects": ["fastem.com", "fastmail.com"]}
{"domain": "fastem.com", "redirects": ["fastem.com", "fastmail.com"]}
{"domain": "fastem.com", "redirects": ["fastem.com", "fastmail.com"]}
{"domain": "fastimap.com", "redirects": ["fastimap.com", "fastmail.com"]}
{"domain": "fastimap.com", "redirects": ["fastimap.com", "fastmail.com"]}
{"domain": "fastimap.com", "redirects": ["fastimap.com", "fastmail.com"]}
{"domain": "fastimap.com", "redirects": ["fastimap.com", "fastmail.com"]}
{"domain": "fastmessaging.com", "redirects": ["fastmessaging.com", "fastmail.com"]}
{"domain": "fastmessaging.com", "redirects": ["fastmessaging.com", "fastmail.com"]}
{"domain": "fastmessaging.com", "redirects": ["fastmessaging.com", "fastmail.com"]}
{"domain": "fastmessaging.com", "redirects": ["fastmessaging.com", "fastmail.com"]}
{"domain": "fastmail.fm", "redirects": ["fastmail.fm", "fastmail.com"]}
{"domain": "fastmail.fm", "redirects": ["fastmail.fm", "fastmail.com"]}
{"domain": "fastmail.fm", "redirects": ["fastmail.fm", "fastmail.com"]}
{"domain": "fastmail.fm", "redirects": ["fastmail.fm", "fastmail.com"]}
{"domain": "email.plala.or.jp", "redirects": ["preselfplala.or.jp", "plala.or.jp"]}
{"domain": "fastmailbox.net", "redirects": ["fastmailbox.net", "fastmail.com"]}
{"domain": "fastmailbox.net", "redirects": ["fastmailbox.net", "fastmail.com"]}
{"domain": "fastmailbox.net", "redirects": ["fastmailbox.net", "fastmail.com"]}
{"domain": "fastmailbox.net", "redirects": ["fastmailbox.net", "fastmail.com"]}
{"domain": "flemail.ru", "redirects": ["preselfflemail.ru", "flemail.ru"]}
{"domain": "flemail.ru", "redirects": ["preselfflemail.ru", "flemail.ru"]}
{"domain": "fnmail.com", "redirects": ["fnmail.com", "fastmail.com"]}
{"domain": "fnmail.com", "redirects": ["fnmail.com", "fastmail.com"]}
{"domain": "fnmail.com", "redirects": ["fnmail.com", "fastmail.com"]}
{"domain": "fnmail.com", "redirects": ["fnmail.com", "fastmail.com"]}
{"domain": "freeler.nl", "redirects": ["preselffreeler.nl", "freeler.nl"]}
{"domain": "fmailbox.com", "redirects": ["fmailbox.com", "fastmail.com"]}
{"domain": "fmailbox.com", "redirects": ["fmailbox.com", "fastmail.com"]}
{"domain": "fmailbox.com", "redirects": ["fmailbox.com", "fastmail.com"]}
{"domain": "fmailbox.com", "redirects": ["fmailbox.com", "fastmail.com"]}
{"domain": "fmail.co.uk", "redirects": ["fmail.co.uk", "fastmail.com"]}
{"domain": "fmail.co.uk", "redirects": ["fmail.co.uk", "fastmail.com"]}
{"domain": "fmail.co.uk", "redirects": ["fmail.co.uk", "fastmail.com"]}
{"domain": "fmail.co.uk", "redirects": ["fmail.co.uk", "fastmail.com"]}
{"domain": "fmguy.com", "redirects": ["fmguy.com", "fastmail.com"]}
{"domain": "fmguy.com", "redirects": ["fmguy.com", "fastmail.com"]}
{"domain": "fmguy.com", "redirects": ["fmguy.com", "fastmail.com"]}
{"domain": "fmguy.com", "redirects": ["fmguy.com", "fastmail.com"]}
{"domain": "fmgirl.com", "redirects": ["fmgirl.com", "fastmail.com"]}
{"domain": "fmgirl.com", "redirects": ["fmgirl.com", "fastmail.com"]}
{"domain": "fmgirl.com", "redirects": ["fmgirl.com", "fastmail.com"]}
{"domain": "fmgirl.com", "redirects": ["fmgirl.com", "fastmail.com"]}
{"domain": "email-server.info", "redirects": ["preselfemail-server.info", "email-server.info"]}
{"domain": "email-server.info", "redirects": ["preselfemail-server.info", "email-server.info"]}
{"domain": "fuirio.com", "redirects": ["fuirio.com", "1and1.info"]}
{"domain": "fuirio.com", "redirects": ["fuirio.com", "1and1.info"]}
{"domain": "freeandsingle.com", "redirects": ["preselffreeandsingle.com", "freeandsingle.com"]}
{"domain": "freeandsingle.com", "redirects": ["preselffreeandsingle.com", "freeandsingle.com"]}
{"domain": "galaxy.tv", "redirects": ["galaxy.tv", "mailindeed.com"]}
{"domain": "garbage.com", "redirects": ["garbage.com", "cpanel.net"]}
{"domain": "ftml.net", "redirects": ["ftml.net", "fastmail.com"]}
{"domain": "ftml.net", "redirects": ["ftml.net", "fastmail.com"]}
{"domain": "ftml.net", "redirects": ["ftml.net", "fastmail.com"]}
{"domain": "ftml.net", "redirects": ["ftml.net", "fastmail.com"]}
{"domain": "glendale.net", "redirects": ["glendale.net", "dreamhost.com"]}
{"domain": "giantmail.de", "redirects": ["giantmail.de", "1and1.info"]}
{"domain": "giantmail.de", "redirects": ["giantmail.de", "1and1.info"]}
{"domain": "gamil.com", "redirects": ["gamil.com", "sureserver.com"]}
{"domain": "gamil.com", "redirects": ["gamil.com", "sureserver.com"]}
{"domain": "gamil.com", "redirects": ["gamil.com", "sureserver.com"]}
{"domain": "gportal.hu", "redirects": ["preselfgportal.hu", "gportal.hu"]}
{"domain": "gportal.hu", "redirects": ["preselfgportal.hu", "gportal.hu"]}
{"domain": "gratisweb.com", "redirects": ["preselfgratisweb.com", "gratisweb.com"]}
{"domain": "gratisweb.com", "redirects": ["preselfgratisweb.com", "gratisweb.com"]}
{"domain": "gratisweb.com", "redirects": ["gratisweb.com", "cpanel.net"]}
{"domain": "gratisweb.com", "redirects": ["preselfgratisweb.com", "gratisweb.com"]}
{"domain": "handleit.com", "redirects": ["handleit.com", "cpanel.net"]}
{"domain": "headstrong.de", "redirects": ["preselfheadstrong.de", "headstrong.de"]}
{"domain": "headstrong.de", "redirects": ["preselfheadstrong.de", "headstrong.de"]}
{"domain": "herediano.com", "redirects": ["herediano.com", "cpanel.net"]}
{"domain": "icloud.com", "redirects": ["preselficloud.com", "icloud.com"]}
{"domain": "icloud.com", "redirects": ["preselficloud.com", "icloud.com"]}
{"domain": "hailmail.net", "redirects": ["hailmail.net", "fastmail.com"]}
{"domain": "hailmail.net", "redirects": ["hailmail.net", "fastmail.com"]}
{"domain": "hailmail.net", "redirects": ["hailmail.net", "fastmail.com"]}
{"domain": "hailmail.net", "redirects": ["hailmail.net", "fastmail.com"]}
{"domain": "i.am", "redirects": ["preselfi.am", "i.am"]}
{"domain": "i.am", "redirects": ["preselfi.am", "i.am"]}
{"domain": "hetnet.nl", "redirects": ["preselfhetnet.nl", "hetnet.nl"]}
{"domain": "givepeaceachance.com", "redirects": ["givepeaceachance.com", "loopia.com"]}
{"domain": "coza.ro", "redirects": ["coza.ro", "cpanel.net"]}
{"domain": "icestorm.com", "redirects": ["preselficestorm.com", "icestorm.com"]}
{"domain": "icestorm.com", "redirects": ["preselficestorm.com", "icestorm.com"]}
{"domain": "icestorm.com", "redirects": ["preselficestorm.com", "icestorm.com"]}
{"domain": "icestorm.com", "redirects": ["preselficestorm.com", "icestorm.com"]}
{"domain": "icestorm.com", "redirects": ["icestorm.com", "cpanel.net"]}
{"domain": "icestorm.com", "redirects": ["icestorm.com", "cpanel.net"]}
{"domain": "home.nl", "redirects": ["preselfhome.nl", "home.nl"]}
{"domain": "home.nl", "redirects": ["preselfhome.nl", "home.nl"]}
{"domain": "home.nl", "redirects": ["home.nl", "ziggo.nl"]}
{"domain": "home.nl", "redirects": ["preselfhome.nl", "home.nl"]}
{"domain": "i-plus.net", "redirects": ["preselfi-plus.net", "i-plus.net"]}
{"domain": "i-plus.net", "redirects": ["preselfi-plus.net", "i-plus.net"]}
{"domain": "i-plus.net", "redirects": ["preselfi-plus.net", "i-plus.net"]}
{"domain": "i-plus.net", "redirects": ["preselfi-plus.net", "i-plus.net"]}
{"domain": "i-plus.net", "redirects": ["i-plus.net", "nethosters.com"]}
{"domain": "freenet.de", "redirects": ["preselffreenet.de", "freenet.de"]}
{"domain": "freenet.de", "redirects": ["preselffreenet.de", "freenet.de"]}
{"domain": "inbox.lv", "redirects": ["preselfinbox.lv", "inbox.lv"]}
{"domain": "inbox.lv", "redirects": ["preselfinbox.lv", "inbox.lv"]}
{"domain": "inbox.lv", "redirects": ["preselfinbox.lv", "inbox.lv"]}
{"domain": "inbox.lv", "redirects": ["preselfinbox.lv", "inbox.lv"]}
{"domain": "dab.ro", "redirects": ["dab.ro", "cpanel.net"]}
{"domain": "iinet.net.au", "redirects": ["preselfiinet.net.au", "iinet.net.au"]}
{"domain": "iinet.net.au", "redirects": ["preselfiinet.net.au", "iinet.net.au"]}
{"domain": "iinet.net.au", "redirects": ["iinet.net.au", "atmailcloud.com"]}
{"domain": "daha.com", "redirects": ["daha.com", "cpanel.net"]}
{"domain": "iprimus.com.au", "redirects": ["preselfiprimus.com.au", "iprimus.com.au"]}
{"domain": "iprimus.com.au", "redirects": ["preselfiprimus.com.au", "iprimus.com.au"]}
{"domain": "iprimus.com.au", "redirects": ["preselfiprimus.com.au", "iprimus.com.au"]}
{"domain": "iprimus.com.au", "redirects": ["preselfiprimus.com.au", "iprimus.com.au"]}
{"domain": "iprimus.com.au", "redirects": ["preselfiprimus.com.au", "iprimus.com.au"]}
{"domain": "internode.on.net", "redirects": ["preselfon.net", "on.net"]}
{"domain": "internode.on.net", "redirects": ["preselfon.net", "on.net"]}
{"domain": "internode.on.net", "redirects": ["on.net", "atmailcloud.com"]}
{"domain": "inwind.it", "redirects": ["preselfinwind.it", "inwind.it"]}
{"domain": "interia.pl", "redirects": ["preselfinteria.pl", "interia.pl"]}
{"domain": "interia.pl", "redirects": ["preselfinteria.pl", "interia.pl"]}
{"domain": "interia.pl", "redirects": ["preselfinteria.pl", "interia.pl"]}
{"domain": "interia.pl", "redirects": ["preselfinteria.pl", "interia.pl"]}
{"domain": "interia.pl", "redirects": ["preselfinteria.pl", "interia.pl"]}
{"domain": "interia.pl", "redirects": ["preselfinteria.pl", "interia.pl"]}
{"domain": "internetemails.net", "redirects": ["internetemails.net", "fastmail.com"]}
{"domain": "internetemails.net", "redirects": ["internetemails.net", "fastmail.com"]}
{"domain": "internetemails.net", "redirects": ["internetemails.net", "fastmail.com"]}
{"domain": "internetemails.net", "redirects": ["internetemails.net", "fastmail.com"]}
{"domain": "inbox.ru", "redirects": ["preselfinbox.ru", "inbox.ru"]}
{"domain": "inbox.ru", "redirects": ["preselfinbox.ru", "inbox.ru"]}
{"domain": "internetmailing.net", "redirects": ["internetmailing.net", "fastmail.com"]}
{"domain": "internetmailing.net", "redirects": ["internetmailing.net", "fastmail.com"]}
{"domain": "internetmailing.net", "redirects": ["internetmailing.net", "fastmail.com"]}
{"domain": "internetmailing.net", "redirects": ["internetmailing.net", "fastmail.com"]}
{"domain": "iol.it", "redirects": ["preselfiol.it", "iol.it"]}
{"domain": "jetemail.net", "redirects": ["jetemail.net", "fastmail.com"]}
{"domain": "jetemail.net", "redirects": ["jetemail.net", "fastmail.com"]}
{"domain": "jetemail.net", "redirects": ["jetemail.net", "fastmail.com"]}
{"domain": "jetemail.net", "redirects": ["jetemail.net", "fastmail.com"]}
{"domain": "gtmc.net", "redirects": ["preselfgtmc.net", "gtmc.net"]}
{"domain": "gtmc.net", "redirects": ["preselfgtmc.net", "gtmc.net"]}
{"domain": "gtmc.net", "redirects": ["preselfgtmc.net", "gtmc.net"]}
{"domain": "gtmc.net", "redirects": ["preselfgtmc.net", "gtmc.net"]}
{"domain": "justemail.net", "redirects": ["justemail.net", "fastmail.com"]}
{"domain": "justemail.net", "redirects": ["justemail.net", "fastmail.com"]}
{"domain": "justemail.net", "redirects": ["justemail.net", "fastmail.com"]}
{"domain": "justemail.net", "redirects": ["justemail.net", "fastmail.com"]}
{"domain": "kabelmail.de", "redirects": ["preselfkabelmail.de", "kabelmail.de"]}
{"domain": "kabelmail.de", "redirects": ["preselfkabelmail.de", "kabelmail.de"]}
{"domain": "kabelmail.de", "redirects": ["preselfkabelmail.de", "kabelmail.de"]}
{"domain": "kismail.ru", "redirects": ["preselfkismail.ru", "kismail.ru"]}
{"domain": "kismail.ru", "redirects": ["preselfkismail.ru", "kismail.ru"]}
{"domain": "latino.com", "redirects": ["latino.com", "cpanel.net"]}
{"domain": "hidemail.de", "redirects": ["preselfhidemail.de", "hidemail.de"]}
{"domain": "hidemail.de", "redirects": ["preselfhidemail.de", "hidemail.de"]}
{"domain": "kpnmail.nl", "redirects": ["preselfkpnmail.nl", "kpnmail.nl"]}
{"domain": "lackmail.ru", "redirects": ["preselflackmail.ru", "lackmail.ru"]}
{"domain": "lackmail.ru", "redirects": ["preselflackmail.ru", "lackmail.ru"]}
{"domain": "imgv.de", "redirects": ["preselfimgv.de", "imgv.de"]}
{"domain": "imgv.de", "redirects": ["preselfimgv.de", "imgv.de"]}
{"domain": "ladymail.cz", "redirects": ["ladymail.cz", "ladymail.cz", "email.cz"]}
{"domain": "ladymail.cz", "redirects": ["ladymail.cz", "email.cz"]}
{"domain": "ladymail.cz", "redirects": ["ladymail.cz", "seznam.cz"]}
{"domain": "ladymail.cz", "redirects": ["ladymail.cz", "ladymail.cz", "email.cz"]}
{"domain": "ladymail.cz", "redirects": ["ladymail.cz", "email.cz"]}
{"domain": "liberto.it", "redirects": ["liberto.it", "aruba.it"]}
{"domain": "libero.it", "redirects": ["preselflibero.it", "libero.it"]}
{"domain": "luxusmail.uk", "redirects": ["luxusmail.uk", "cpanel.net"]}
{"domain": "lr78.com", "redirects": ["lr78.com", "1and1.info"]}
{"domain": "lr78.com", "redirects": ["lr78.com", "1and1.info"]}
{"domain": "list.ru", "redirects": ["preselflist.ru", "list.ru"]}
{"domain": "list.ru", "redirects": ["preselflist.ru", "list.ru"]}
{"domain": "mail-pro.info", "redirects": ["preselfmail-pro.info", "mail-pro.info"]}
{"domain": "mail-pro.info", "redirects": ["preselfmail-pro.info", "mail-pro.info"]}
{"domain": "mail-pro.info", "redirects": ["preselfmail-pro.info", "mail-pro.info"]}
{"domain": "mail-pro.info", "redirects": ["preselfmail-pro.info", "mail-pro.info"]}
{"domain": "mail-pro.info", "redirects": ["mail-pro.info", "cpanel.net"]}
{"domain": "mail-pro.info", "redirects": ["mail-pro.info", "cpanel.net"]}
{"domain": "lolfreak.net", "redirects": ["preselflolfreak.net", "lolfreak.net"]}
{"domain": "lolfreak.net", "redirects": ["preselflolfreak.net", "lolfreak.net"]}
{"domain": "lolfreak.net", "redirects": ["lolfreak.net", "cpanel.net"]}
{"domain": "lolfreak.net", "redirects": ["lolfreak.net", "cpanel.net"]}
{"domain": "lycos.co.uk", "redirects": ["preselflycos.co.uk", "lycos.co.uk"]}
{"domain": "lycos.co.uk", "redirects": ["preselflycos.co.uk", "lycos.co.uk"]}
{"domain": "lycos.co.uk", "redirects": ["preselflycos.co.uk", "lycos.co.uk"]}
{"domain": "lycos.co.uk", "redirects": ["preselflycos.co.uk", "lycos.co.uk"]}
{"domain": "lycos.co.uk", "redirects": ["preselflycos.co.uk", "lycos.co.uk"]}
{"domain": "mail.be", "redirects": ["preselfmail.be", "mail.be"]}
{"domain": "mail.be", "redirects": ["preselfmail.be", "mail.be"]}
{"domain": "mail.co.za", "redirects": ["preselfmail.co.za", "mail.co.za"]}
{"domain": "mail.co.za", "redirects": ["preselfmail.co.za", "mail.co.za"]}
{"domain": "mail.co.za", "redirects": ["mail.co.za", "aserv.co.za"]}
{"domain": "mail.co.za", "redirects": ["preselfmail.co.za", "mail.co.za"]}
{"domain": "mail.co.za", "redirects": ["preselfmail.co.za", "mail.co.za"]}
{"domain": "lycos.com", "redirects": ["preselflycos.com", "lycos.com"]}
{"domain": "lycos.com", "redirects": ["preselflycos.com", "lycos.com"]}
{"domain": "lycos.com", "redirects": ["preselflycos.com", "lycos.com"]}
{"domain": "lycos.com", "redirects": ["preselflycos.com", "lycos.com"]}
{"domain": "lycos.com", "redirects": ["preselflycos.com", "lycos.com"]}
{"domain": "lukop.dk", "redirects": ["lukop.dk", "jtw.dk"]}
{"domain": "mail-central.com", "redirects": ["mail-central.com", "fastmail.com"]}
{"domain": "mail-central.com", "redirects": ["mail-central.com", "fastmail.com"]}
{"domain": "mail-central.com", "redirects": ["mail-central.com", "fastmail.com"]}
{"domain": "mail-central.com", "redirects": ["mail-central.com", "fastmail.com"]}
{"domain": "mail-page.com", "redirects": ["mail-page.com", "fastmail.com"]}
{"domain": "mail-page.com", "redirects": ["mail-page.com", "fastmail.com"]}
{"domain": "mail-page.com", "redirects": ["mail-page.com", "fastmail.com"]}
{"domain": "mail-page.com", "redirects": ["mail-page.com", "fastmail.com"]}
{"domain": "mail.ee", "redirects": ["preselfmail.ee", "mail.ee"]}
{"domain": "mail.ee", "redirects": ["preselfmail.ee", "mail.ee"]}
{"domain": "mail.ee", "redirects": ["preselfmail.ee", "mail.ee"]}
{"domain": "mail.ee", "redirects": ["preselfmail.ee", "mail.ee"]}
{"domain": "london2.space", "redirects": ["london2.space", "privateemail.com"]}
{"domain": "london2.space", "redirects": ["london2.space", "privateemail.com"]}
{"domain": "london2.space", "redirects": ["london2.space", "privateemail.com"]}
{"domain": "mail.ru", "redirects": ["preselfmail.ru", "mail.ru"]}
{"domain": "mail.ru", "redirects": ["preselfmail.ru", "mail.ru"]}
{"domain": "just4spam.com", "redirects": ["preselfjust4spam.com", "just4spam.com"]}
{"domain": "just4spam.com", "redirects": ["preselfjust4spam.com", "just4spam.com"]}
{"domain": "mailbox.org", "redirects": ["preselfmailbox.org", "mailbox.org"]}
{"domain": "mailbox.org", "redirects": ["preselfmailbox.org", "mailbox.org"]}
{"domain": "mailbox.org", "redirects": ["preselfmailbox.org", "mailbox.org"]}
{"domain": "mailcan.com", "redirects": ["mailcan.com", "fastmail.com"]}
{"domain": "mailcan.com", "redirects": ["mailcan.com", "fastmail.com"]}
{"domain": "mailcan.com", "redirects": ["mailcan.com", "fastmail.com"]}
{"domain": "mailcan.com", "redirects": ["mailcan.com", "fastmail.com"]}
{"domain": "mailas.com", "redirects": ["mailas.com", "fastmail.com"]}
{"domain": "mailas.com", "redirects": ["mailas.com", "fastmail.com"]}
{"domain": "mailas.com", "redirects": ["mailas.com", "fastmail.com"]}
{"domain": "mailas.com", "redirects": ["mailas.com", "fastmail.com"]}
{"domain": "mailandftp.com", "redirects": ["mailandftp.com", "fastmail.com"]}
{"domain": "mailandftp.com", "redirects": ["mailandftp.com", "fastmail.com"]}
{"domain": "mailandftp.com", "redirects": ["mailandftp.com", "fastmail.com"]}
{"domain": "mailandftp.com", "redirects": ["mailandftp.com", "fastmail.com"]}
{"domain": "mailbolt.com", "redirects": ["mailbolt.com", "fastmail.com"]}
{"domain": "mailbolt.com", "redirects": ["mailbolt.com", "fastmail.com"]}
{"domain": "mailbolt.com", "redirects": ["mailbolt.com", "fastmail.com"]}
{"domain": "mailbolt.com", "redirects": ["mailbolt.com", "fastmail.com"]}
{"domain": "mailc.net", "redirects": ["mailc.net", "fastmail.com"]}
{"domain": "mailc.net", "redirects": ["mailc.net", "fastmail.com"]}
{"domain": "mailc.net", "redirects": ["mailc.net", "fastmail.com"]}
{"domain": "mailc.net", "redirects": ["mailc.net", "fastmail.com"]}
{"domain": "mailforce.net", "redirects": ["mailforce.net", "fastmail.com"]}
{"domain": "mailforce.net", "redirects": ["mailforce.net", "fastmail.com"]}
{"domain": "mailforce.net", "redirects": ["mailforce.net", "fastmail.com"]}
{"domain": "mailforce.net", "redirects": ["mailforce.net", "fastmail.com"]}
{"domain": "mailhaven.com", "redirects": ["mailhaven.com", "fastmail.com"]}
{"domain": "mailhaven.com", "redirects": ["mailhaven.com", "fastmail.com"]}
{"domain": "mailhaven.com", "redirects": ["mailhaven.com", "fastmail.com"]}
{"domain": "mailhaven.com", "redirects": ["mailhaven.com", "fastmail.com"]}
{"domain": "mailmight.com", "redirects": ["mailmight.com", "fastmail.com"]}
{"domain": "mailmight.com", "redirects": ["mailmight.com", "fastmail.com"]}
{"domain": "mailmight.com", "redirects": ["mailmight.com", "fastmail.com"]}
{"domain": "mailmight.com", "redirects": ["mailmight.com", "fastmail.com"]}
{"domain": "mailite.com", "redirects": ["mailite.com", "fastmail.com"]}
{"domain": "mailite.com", "redirects": ["mailite.com", "fastmail.com"]}
{"domain": "mailite.com", "redirects": ["mailite.com", "fastmail.com"]}
{"domain": "mailite.com", "redirects": ["mailite.com", "fastmail.com"]}
{"domain": "mailnew.com", "redirects": ["mailnew.com", "fastmail.com"]}
{"domain": "mailnew.com", "redirects": ["mailnew.com", "fastmail.com"]}
{"domain": "mailnew.com", "redirects": ["mailnew.com", "fastmail.com"]}
{"domain": "mailnew.com", "redirects": ["mailnew.com", "fastmail.com"]}
{"domain": "mailftp.com", "redirects": ["mailftp.com", "fastmail.com"]}
{"domain": "mailftp.com", "redirects": ["mailftp.com", "fastmail.com"]}
{"domain": "mailftp.com", "redirects": ["mailftp.com", "fastmail.com"]}
{"domain": "mailftp.com", "redirects": ["mailftp.com", "fastmail.com"]}
{"domain": "mailsent.net", "redirects": ["mailsent.net", "fastmail.com"]}
{"domain": "mailsent.net", "redirects": ["mailsent.net", "fastmail.com"]}
{"domain": "mailsent.net", "redirects": ["mailsent.net", "fastmail.com"]}
{"domain": "mailsent.net", "redirects": ["mailsent.net", "fastmail.com"]}
{"domain": "mailup.net", "redirects": ["mailup.net", "fastmail.com"]}
{"domain": "mailup.net", "redirects": ["mailup.net", "fastmail.com"]}
{"domain": "mailup.net", "redirects": ["mailup.net", "fastmail.com"]}
{"domain": "mailup.net", "redirects": ["mailup.net", "fastmail.com"]}
{"domain": "marketlink.info", "redirects": ["preselfmarketlink.info", "marketlink.info"]}
{"domain": "marketlink.info", "redirects": ["preselfmarketlink.info", "marketlink.info"]}
{"domain": "marketlink.info", "redirects": ["preselfmarketlink.info", "marketlink.info"]}
{"domain": "marketlink.info", "redirects": ["preselfmarketlink.info", "marketlink.info"]}
{"domain": "marketlink.info", "redirects": ["marketlink.info", "cpanel.net"]}
{"domain": "marketlink.info", "redirects": ["preselfmarketlink.info", "marketlink.info"]}
{"domain": "metta.lk", "redirects": ["preselfmetta.lk", "metta.lk"]}
{"domain": "metta.lk", "redirects": ["preselfmetta.lk", "metta.lk"]}
{"domain": "metta.lk", "redirects": ["preselfmetta.lk", "metta.lk"]}
{"domain": "metta.lk", "redirects": ["preselfmetta.lk", "metta.lk"]}
{"domain": "metta.lk", "redirects": ["metta.lk", "cpanel.net"]}
{"domain": "metta.lk", "redirects": ["metta.lk", "cpanel.net"]}
{"domain": "mekhong.com", "redirects": ["mekhong.com", "cpanel.net"]}
{"domain": "mobi.web.id", "redirects": ["preselfmobi.web.id", "mobi.web.id"]}
{"domain": "mobi.web.id", "redirects": ["preselfmobi.web.id", "mobi.web.id"]}
{"domain": "mobi.web.id", "redirects": ["preselfmobi.web.id", "mobi.web.id"]}
{"domain": "mobi.web.id", "redirects": ["preselfmobi.web.id", "mobi.web.id"]}
{"domain": "mobi.web.id", "redirects": ["mobi.web.id", "cpanel.net"]}
{"domain": "mobi.web.id", "redirects": ["preselfmobi.web.id", "mobi.web.id"]}
{"domain": "mintemail.com", "redirects": ["preselfmintemail.com", "mintemail.com"]}
{"domain": "mintemail.com", "redirects": ["preselfmintemail.com", "mintemail.com"]}
{"domain": "mintemail.com", "redirects": ["preselfmintemail.com", "mintemail.com"]}
{"domain": "mintemail.com", "redirects": ["preselfmintemail.com", "mintemail.com"]}
{"domain": "mintemail.com", "redirects": ["mintemail.com", "cpanel.net"]}
{"domain": "mintemail.com", "redirects": ["preselfmintemail.com", "mintemail.com"]}
{"domain": "mmmmail.com", "redirects": ["mmmmail.com", "fastmail.com"]}
{"domain": "mmmmail.com", "redirects": ["mmmmail.com", "fastmail.com"]}
{"domain": "mmmmail.com", "redirects": ["mmmmail.com", "fastmail.com"]}
{"domain": "mmmmail.com", "redirects": ["mmmmail.com", "fastmail.com"]}
{"domain": "ml1.net", "redirects": ["ml1.net", "fastmail.com"]}
{"domain": "ml1.net", "redirects": ["ml1.net", "fastmail.com"]}
{"domain": "ml1.net", "redirects": ["ml1.net", "fastmail.com"]}
{"domain": "ml1.net", "redirects": ["ml1.net", "fastmail.com"]}
{"domain": "mtmdev.com", "redirects": ["mtmdev.com", "cpanel.net"]}
{"domain": "mytempemail.com", "redirects": ["mytempemail.com", "cpanel.net"]}
{"domain": "next.ovh", "redirects": ["preselfnext.ovh", "next.ovh"]}
{"domain": "next.ovh", "redirects": ["preselfnext.ovh", "next.ovh"]}
{"domain": "next.ovh", "redirects": ["preselfnext.ovh", "next.ovh"]}
{"domain": "next.ovh", "redirects": ["preselfnext.ovh", "next.ovh"]}
{"domain": "next.ovh", "redirects": ["next.ovh", "cpanel.net"]}
{"domain": "next.ovh", "redirects": ["next.ovh", "cpanel.net"]}
{"domain": "netgenie.com", "redirects": ["preselfnetgenie.com", "netgenie.com"]}
{"domain": "netgenie.com", "redirects": ["preselfnetgenie.com", "netgenie.com"]}
{"domain": "netgenie.com", "redirects": ["netgenie.com", "cpanel.net"]}
{"domain": "netgenie.com", "redirects": ["netgenie.com", "cpanel.net"]}
{"domain": "net4you.at", "redirects": ["preselfnet4you.at", "net4you.at"]}
{"domain": "net4you.at", "redirects": ["preselfnet4you.at", "net4you.at"]}
{"domain": "net4you.at", "redirects": ["preselfnet4you.at", "net4you.at"]}
{"domain": "net4you.at", "redirects": ["preselfnet4you.at", "net4you.at"]}
{"domain": "northgates.net", "redirects": ["northgates.net", "1and1.info"]}
{"domain": "northgates.net", "redirects": ["northgates.net", "1and1.info"]}
{"domain": "marketing.lu", "redirects": ["preselfmarketing.lu", "marketing.lu"]}
{"domain": "marketing.lu", "redirects": ["preselfmarketing.lu", "marketing.lu"]}
{"domain": "nomail.pw", "redirects": ["preselfnomail.pw", "nomail.pw"]}
{"domain": "nomail.pw", "redirects": ["preselfnomail.pw", "nomail.pw"]}
{"domain": "nomail.pw", "redirects": ["preselfnomail.pw", "nomail.pw"]}
{"domain": "nomail.pw", "redirects": ["preselfnomail.pw", "nomail.pw"]}
{"domain": "nomail.pw", "redirects": ["nomail.pw", "cpanel.net"]}
{"domain": "nomail.pw", "redirects": ["preselfnomail.pw", "nomail.pw"]}
{"domain": "nospammail.net", "redirects": ["nospammail.net", "fastmail.com"]}
{"domain": "nospammail.net", "redirects": ["nospammail.net", "fastmail.com"]}
{"domain": "nospammail.net", "redirects": ["nospammail.net", "fastmail.com"]}
{"domain": "nospammail.net", "redirects": ["nospammail.net", "fastmail.com"]}
{"domain": "onet.pl", "redirects": ["preselfonet.pl", "onet.pl"]}
{"domain": "onet.pl", "redirects": ["preselfonet.pl", "onet.pl"]}
{"domain": "onet.pl", "redirects": ["preselfonet.pl", "onet.pl"]}
{"domain": "onet.pl", "redirects": ["preselfonet.pl", "onet.pl"]}
{"domain": "onet.pl", "redirects": ["preselfonet.pl", "onet.pl"]}
{"domain": "onet.pl", "redirects": ["preselfonet.pl", "onet.pl"]}
{"domain": "onet.pl", "redirects": ["preselfonet.pl", "onet.pl"]}
{"domain": "onet.pl", "redirects": ["preselfonet.pl", "onet.pl"]}
{"domain": "onet.pl", "redirects": ["preselfonet.pl", "onet.pl"]}
{"domain": "online.ie", "redirects": ["preselfonline.ie", "online.ie"]}
{"domain": "online.ie", "redirects": ["preselfonline.ie", "online.ie"]}
{"domain": "online.ie", "redirects": ["preselfonline.ie", "online.ie"]}
{"domain": "online.ie", "redirects": ["preselfonline.ie", "online.ie"]}
{"domain": "online.ie", "redirects": ["online.ie", "cpanel.net"]}
{"domain": "online.ie", "redirects": ["preselfonline.ie", "online.ie"]}
{"domain": "olypmall.ru", "redirects": ["preselfolypmall.ru", "olypmall.ru"]}
{"domain": "olypmall.ru", "redirects": ["preselfolypmall.ru", "olypmall.ru"]}
{"domain": "our.st", "redirects": ["our.st", "securemail.pro"]}
{"domain": "parvazi.com", "redirects": ["preselfparvazi.com", "parvazi.com"]}
{"domain": "parvazi.com", "redirects": ["preselfparvazi.com", "parvazi.com"]}
{"domain": "parvazi.com", "redirects": ["preselfparvazi.com", "parvazi.com"]}
{"domain": "parvazi.com", "redirects": ["preselfparvazi.com", "parvazi.com"]}
{"domain": "parvazi.com", "redirects": ["parvazi.com", "cpanel.net"]}
{"domain": "parvazi.com", "redirects": ["preselfparvazi.com", "parvazi.com"]}
{"domain": "ozemail.com.au", "redirects": ["preselfozemail.com.au", "ozemail.com.au"]}
{"domain": "ozemail.com.au", "redirects": ["preselfozemail.com.au", "ozemail.com.au"]}
{"domain": "ozemail.com.au", "redirects": ["ozemail.com.au", "atmailcloud.com"]}
{"domain": "picusnet.com", "redirects": ["preselfpicusnet.com", "picusnet.com"]}
{"domain": "picusnet.com", "redirects": ["preselfpicusnet.com", "picusnet.com"]}
{"domain": "picusnet.com", "redirects": ["preselfpicusnet.com", "picusnet.com"]}
{"domain": "picusnet.com", "redirects": ["preselfpicusnet.com", "picusnet.com"]}
{"domain": "picusnet.com", "redirects": ["picusnet.com", "nethosters.com"]}
{"domain": "picusnet.com", "redirects": ["picusnet.com", "nethosters.com"]}
{"domain": "ownmail.net", "redirects": ["ownmail.net", "fastmail.com"]}
{"domain": "ownmail.net", "redirects": ["ownmail.net", "fastmail.com"]}
{"domain": "ownmail.net", "redirects": ["ownmail.net", "fastmail.com"]}
{"domain": "ownmail.net", "redirects": ["ownmail.net", "fastmail.com"]}
{"domain": "planet.nl", "redirects": ["preselfplanet.nl", "planet.nl"]}
{"domain": "pm.me", "redirects": ["pm.me", "pm.me", "proton.me"]}
{"domain": "pm.me", "redirects": ["pm.me", "proton.me"]}
{"domain": "pm.me", "redirects": ["pm.me", "pm.me", "proton.me"]}
{"domain": "pm.me", "redirects": ["pm.me", "proton.me"]}
{"domain": "petml.com", "redirects": ["petml.com", "fastmail.com"]}
{"domain": "petml.com", "redirects": ["petml.com", "fastmail.com"]}
{"domain": "petml.com", "redirects": ["petml.com", "fastmail.com"]}
{"domain": "petml.com", "redirects": ["petml.com", "fastmail.com"]}
{"domain": "pobox.com", "redirects": ["pobox.com", "fastmail.com"]}
{"domain": "pobox.com", "redirects": ["pobox.com", "fastmail.com"]}
{"domain": "pobox.com", "redirects": ["pobox.com", "fastmail.com"]}
{"domain": "pobox.com", "redirects": ["pobox.com", "fastmail.com"]}
{"domain": "perfectmail.com", "redirects": ["preselfperfectmail.com", "perfectmail.com"]}
{"domain": "perfectmail.com", "redirects": ["preselfperfectmail.com", "perfectmail.com"]}
{"domain": "perfectmail.com", "redirects": ["perfectmail.com", "perfectmail.net"]}
{"domain": "perfectmail.com", "redirects": ["preselfperfectmail.com", "perfectmail.com"]}
{"domain": "perfectmail.com", "redirects": ["preselfperfectmail.com", "perfectmail.com"]}
{"domain": "perfectmail.com", "redirects": ["preselfperfectmail.com", "perfectmail.com"]}
{"domain": "ntlworld.com", "redirects": ["preselfntlworld.com", "ntlworld.com"]}
{"domain": "ntlworld.com", "redirects": ["preselfntlworld.com", "ntlworld.com"]}
{"domain": "ntlworld.com", "redirects": ["preselfntlworld.com", "ntlworld.com"]}
{"domain": "ntlworld.com", "redirects": ["preselfntlworld.com", "ntlworld.com"]}
{"domain": "piki.si", "redirects": ["preselfpiki.si", "piki.si"]}
{"domain": "piki.si", "redirects": ["preselfpiki.si", "piki.si"]}
{"domain": "piki.si", "redirects": ["piki.si", "cpanel.net"]}
{"domain": "piki.si", "redirects": ["preselfpiki.si", "piki.si"]}
{"domain": "privacy.net", "redirects": ["preselfprivacy.net", "privacy.net"]}
{"domain": "privacy.net", "redirects": ["preselfprivacy.net", "privacy.net"]}
{"domain": "privacy.net", "redirects": ["preselfprivacy.net", "privacy.net"]}
{"domain": "privacy.net", "redirects": ["preselfprivacy.net", "privacy.net"]}
{"domain": "privacy.net", "redirects": ["privacy.net", "cpanel.net"]}
{"domain": "privacy.net", "redirects": ["privacy.net", "cpanel.net"]}
{"domain": "netspace.net.au", "redirects": ["preselfnetspace.net.au", "netspace.net.au"]}
{"domain": "netspace.net.au", "redirects": ["preselfnetspace.net.au", "netspace.net.au"]}
{"domain": "netspace.net.au", "redirects": ["netspace.net.au", "atmailcloud.com"]}
{"domain": "post.cz", "redirects": ["preselfpost.cz", "post.cz"]}
{"domain": "post.cz", "redirects": ["preselfpost.cz", "post.cz"]}
{"domain": "post.cz", "redirects": ["post.cz", "seznam.cz"]}
{"domain": "post.cz", "redirects": ["preselfpost.cz", "post.cz"]}
{"domain": "post.cz", "redirects": ["preselfpost.cz", "post.cz"]}
{"domain": "postinbox.com", "redirects": ["postinbox.com", "fastmail.com"]}
{"domain": "postinbox.com", "redirects": ["postinbox.com", "fastmail.com"]}
{"domain": "postinbox.com", "redirects": ["postinbox.com", "fastmail.com"]}
{"domain": "postinbox.com", "redirects": ["postinbox.com", "fastmail.com"]}
{"domain": "postpro.net", "redirects": ["postpro.net", "fastmail.com"]}
{"domain": "postpro.net", "redirects": ["postpro.net", "fastmail.com"]}
{"domain": "postpro.net", "redirects": ["postpro.net", "fastmail.com"]}
{"domain": "postpro.net", "redirects": ["postpro.net", "fastmail.com"]}
{"domain": "nice-4u.com", "redirects": ["preselfnice-4u.com", "nice-4u.com"]}
{"domain": "nice-4u.com", "redirects": ["preselfnice-4u.com", "nice-4u.com"]}
{"domain": "protonmail.com", "redirects": ["protonmail.com", "protonmail.com", "proton.me"]}
{"domain": "protonmail.com", "redirects": ["protonmail.com", "proton.me"]}
{"domain": "protonmail.com", "redirects": ["protonmail.com", "protonmail.com", "proton.me"]}
{"domain": "protonmail.com", "redirects": ["protonmail.com", "proton.me"]}
{"domain": "proton.me", "redirects": ["preselfproton.me", "proton.me"]}
{"domain": "proton.me", "redirects": ["preselfproton.me", "proton.me"]}
{"domain": "proton.me", "redirects": ["preselfproton.me", "proton.me"]}
{"domain": "proton.me", "redirects": ["preselfproton.me", "proton.me"]}
{"domain": "pobox.hu", "redirects": ["preselfpobox.hu", "pobox.hu"]}
{"domain": "pobox.hu", "redirects": ["preselfpobox.hu", "pobox.hu"]}
{"domain": "pobox.hu", "redirects": ["preselfpobox.hu", "pobox.hu"]}
{"domain": "pobox.hu", "redirects": ["preselfpobox.hu", "pobox.hu"]}
{"domain": "pobox.hu", "redirects": ["pobox.hu", "cpanel.net"]}
{"domain": "pobox.hu", "redirects": ["preselfpobox.hu", "pobox.hu"]}
{"domain": "proinbox.com", "redirects": ["proinbox.com", "fastmail.com"]}
{"domain": "proinbox.com", "redirects": ["proinbox.com", "fastmail.com"]}
{"domain": "proinbox.com", "redirects": ["proinbox.com", "fastmail.com"]}
{"domain": "proinbox.com", "redirects": ["proinbox.com", "fastmail.com"]}
{"domain": "quickinbox.com", "redirects": ["quickinbox.com", "cpanel.net"]}
{"domain": "promessage.com", "redirects": ["promessage.com", "fastmail.com"]}
{"domain": "promessage.com", "redirects": ["promessage.com", "fastmail.com"]}
{"domain": "promessage.com", "redirects": ["promessage.com", "fastmail.com"]}
{"domain": "promessage.com", "redirects": ["promessage.com", "fastmail.com"]}
{"domain": "ramail.co.uk", "redirects": ["ramail.co.uk", "1and1.info"]}
{"domain": "ramail.co.uk", "redirects": ["ramail.co.uk", "1and1.info"]}
{"domain": "rastogi.net", "redirects": ["rastogi.net", "1and1.info"]}
{"domain": "rastogi.net", "redirects": ["rastogi.net", "1and1.info"]}
{"domain": "poczta.fm", "redirects": ["preselfpoczta.fm", "poczta.fm"]}
{"domain": "poczta.fm", "redirects": ["poczta.fm", "interia.pl", "interia.pl"]}
{"domain": "poczta.fm", "redirects": ["poczta.fm", "interia.pl", "interia.pl"]}
{"domain": "poczta.fm", "redirects": ["preselfpoczta.fm", "poczta.fm"]}
{"domain": "poczta.fm", "redirects": ["poczta.fm", "interia.pl", "interia.pl"]}
{"domain": "rax.la", "redirects": ["preselfrax.la", "rax.la"]}
{"domain": "r8r4p0cb.com", "redirects": ["preselfr8r4p0cb.com", "r8r4p0cb.com"]}
{"domain": "r8r4p0cb.com", "redirects": ["preselfr8r4p0cb.com", "r8r4p0cb.com"]}
{"domain": "r8r4p0cb.com", "redirects": ["preselfr8r4p0cb.com", "r8r4p0cb.com"]}
{"domain": "r8r4p0cb.com", "redirects": ["preselfr8r4p0cb.com", "r8r4p0cb.com"]}
{"domain": "r8r4p0cb.com", "redirects": ["r8r4p0cb.com", "cpanel.net"]}
{"domain": "r8r4p0cb.com", "redirects": ["preselfr8r4p0cb.com", "r8r4p0cb.com"]}
{"domain": "reallyfast.biz", "redirects": ["reallyfast.biz", "fastmail.com"]}
{"domain": "reallyfast.biz", "redirects": ["reallyfast.biz", "fastmail.com"]}
{"domain": "reallyfast.biz", "redirects": ["reallyfast.biz", "fastmail.com"]}
{"domain": "reallyfast.biz", "redirects": ["reallyfast.biz", "fastmail.com"]}
{"domain": "realemail.net", "redirects": ["realemail.net", "fastmail.com"]}
{"domain": "realemail.net", "redirects": ["realemail.net", "fastmail.com"]}
{"domain": "realemail.net", "redirects": ["realemail.net", "fastmail.com"]}
{"domain": "realemail.net", "redirects": ["realemail.net", "fastmail.com"]}
{"domain": "royalhost.info", "redirects": ["preselfroyalhost.info", "royalhost.info"]}
{"domain": "royalhost.info", "redirects": ["preselfroyalhost.info", "royalhost.info"]}
{"domain": "royalhost.info", "redirects": ["preselfroyalhost.info", "royalhost.info"]}
{"domain": "royalhost.info", "redirects": ["preselfroyalhost.info", "royalhost.info"]}
{"domain": "royalhost.info", "redirects": ["royalhost.info", "cpanel.net"]}
{"domain": "royalhost.info", "redirects": ["royalhost.info", "cpanel.net"]}
{"domain": "riddermark.de", "redirects": ["riddermark.de", "keymachine.de"]}
{"domain": "riddermark.de", "redirects": ["riddermark.de", "keymachine.de"]}
{"domain": "riddermark.de", "redirects": ["riddermark.de", "keymachine.de"]}
{"domain": "rvshop.com", "redirects": ["rvshop.com", "1and1.info"]}
{"domain": "rvshop.com", "redirects": ["rvshop.com", "1and1.info"]}
{"domain": "online.de", "redirects": ["online.de", "1and1.info"]}
{"domain": "online.de", "redirects": ["online.de", "1and1.info"]}
{"domain": "onlinehome.de", "redirects": ["onlinehome.de", "1and1.info"]}
{"domain": "onlinehome.de", "redirects": ["onlinehome.de", "1and1.info"]}
{"domain": "rr.ccs.pl", "redirects": ["preselfccs.pl", "ccs.pl"]}
{"domain": "rr.ccs.pl", "redirects": ["preselfccs.pl", "ccs.pl"]}
{"domain": "rr.ccs.pl", "redirects": ["preselfccs.pl", "ccs.pl"]}
{"domain": "rr.ccs.pl", "redirects": ["preselfccs.pl", "ccs.pl"]}
{"domain": "rr.ccs.pl", "redirects": ["preselfccs.pl", "ccs.pl"]}
{"domain": "rr.ccs.pl", "redirects": ["preselfccs.pl", "ccs.pl"]}
{"domain": "rr.ccs.pl", "redirects": ["preselfccs.pl", "ccs.pl"]}
{"domain": "rr.ccs.pl", "redirects": ["preselfccs.pl", "ccs.pl"]}
{"domain": "ruggedinbox.com", "redirects": ["ruggedinbox.com", "fastmail.com"]}
{"domain": "ruggedinbox.com", "redirects": ["ruggedinbox.com", "fastmail.com"]}
{"domain": "ruggedinbox.com", "redirects": ["ruggedinbox.com", "fastmail.com"]}
{"domain": "ruggedinbox.com", "redirects": ["ruggedinbox.com", "fastmail.com"]}
{"domain": "rushpost.com", "redirects": ["rushpost.com", "fastmail.com"]}
{"domain": "rushpost.com", "redirects": ["rushpost.com", "fastmail.com"]}
{"domain": "rushpost.com", "redirects": ["rushpost.com", "fastmail.com"]}
{"domain": "rushpost.com", "redirects": ["rushpost.com", "fastmail.com"]}
{"domain": "shuf.com", "redirects": ["preselfshuf.com", "shuf.com"]}
{"domain": "shuf.com", "redirects": ["preselfshuf.com", "shuf.com"]}
{"domain": "shuf.com", "redirects": ["shuf.com", "cpanel.net"]}
{"domain": "slothmail.net", "redirects": ["slothmail.net", "dreamhost.com"]}
{"domain": "slippery.email", "redirects": ["slippery.email", "secureserver.net"]}
{"domain": "sent.com", "redirects": ["sent.com", "fastmail.com"]}
{"domain": "sent.com", "redirects": ["sent.com", "fastmail.com"]}
{"domain": "sent.com", "redirects": ["sent.com", "fastmail.com"]}
{"domain": "sent.com", "redirects": ["sent.com", "fastmail.com"]}
{"domain": "seznam.cz", "redirects": ["preselfseznam.cz", "seznam.cz"]}
{"domain": "seznam.cz", "redirects": ["preselfseznam.cz", "seznam.cz"]}
{"domain": "seznam.cz", "redirects": ["preselfseznam.cz", "seznam.cz"]}
{"domain": "seznam.cz", "redirects": ["preselfseznam.cz", "seznam.cz"]}
{"domain": "seznam.cz", "redirects": ["preselfseznam.cz", "seznam.cz"]}
{"domain": "shotmail.ru", "redirects": ["preselfshotmail.ru", "shotmail.ru"]}
{"domain": "shotmail.ru", "redirects": ["preselfshotmail.ru", "shotmail.ru"]}
{"domain": "spambox.us", "redirects": ["preselfspambox.us", "spambox.us"]}
{"domain": "spambox.us", "redirects": ["preselfspambox.us", "spambox.us"]}
{"domain": "soccermomz.com", "redirects": ["preselfsoccermomz.com", "soccermomz.com"]}
{"domain": "soccermomz.com", "redirects": ["preselfsoccermomz.com", "soccermomz.com"]}
{"domain": "soccermomz.com", "redirects": ["soccermomz.com", "cpanel.net"]}
{"domain": "soccermomz.com", "redirects": ["soccermomz.com", "cpanel.net"]}
{"domain": "smapfree24.com", "redirects": ["smapfree24.com", "infomaniak.com", "infomaniak.com"]}
{"domain": "smapfree24.com", "redirects": ["smapfree24.com", "infomaniak.com", "infomaniak.com"]}
{"domain": "smapfree24.com", "redirects": ["smapfree24.com", "infomaniak.com", "infomaniak.com"]}
{"domain": "smapfree24.com", "redirects": ["smapfree24.com", "infomaniak.com", "infomaniak.com"]}
{"domain": "smapfree24.com", "redirects": ["smapfree24.com", "infomaniak.com", "infomaniak.com"]}
{"domain": "spamfree.eu", "redirects": ["spamfree.eu", "1and1.info"]}
{"domain": "spamfree.eu", "redirects": ["spamfree.eu", "1and1.info"]}
{"domain": "spamthis.co.uk", "redirects": ["spamthis.co.uk", "1and1.info"]}
{"domain": "spamthis.co.uk", "redirects": ["spamthis.co.uk", "1and1.info"]}
{"domain": "quickemail.info", "redirects": ["quickemail.info", "cpanel.net"]}
{"domain": "starspath.com", "redirects": ["preselfstarspath.com", "starspath.com"]}
{"domain": "starspath.com", "redirects": ["preselfstarspath.com", "starspath.com"]}
{"domain": "skynet.be", "redirects": ["preselfskynet.be", "skynet.be"]}
{"domain": "skynet.be", "redirects": ["preselfskynet.be", "skynet.be"]}
{"domain": "skynet.be", "redirects": ["preselfskynet.be", "skynet.be"]}
{"domain": "skynet.be", "redirects": ["preselfskynet.be", "skynet.be"]}
{"domain": "start.com.au", "redirects": ["preselfstart.com.au", "start.com.au"]}
{"domain": "start.com.au", "redirects": ["preselfstart.com.au", "start.com.au"]}
{"domain": "start.com.au", "redirects": ["preselfstart.com.au", "start.com.au"]}
{"domain": "start.com.au", "redirects": ["preselfstart.com.au", "start.com.au"]}
{"domain": "start.com.au", "redirects": ["start.com.au", "cpanel.net"]}
{"domain": "start.com.au", "redirects": ["preselfstart.com.au", "start.com.au"]}
{"domain": "sullivanemail.net", "redirects": ["sullivanemail.net", "1and1.info"]}
{"domain": "sullivanemail.net", "redirects": ["sullivanemail.net", "1and1.info"]}
{"domain": "speedpost.net", "redirects": ["speedpost.net", "fastmail.com"]}
{"domain": "speedpost.net", "redirects": ["speedpost.net", "fastmail.com"]}
{"domain": "speedpost.net", "redirects": ["speedpost.net", "fastmail.com"]}
{"domain": "speedpost.net", "redirects": ["speedpost.net", "fastmail.com"]}
{"domain": "swva.net", "redirects": ["preselfswva.net", "swva.net"]}
{"domain": "swva.net", "redirects": ["preselfswva.net", "swva.net"]}
{"domain": "tbwt.com", "redirects": ["preselftbwt.com", "tbwt.com"]}
{"domain": "tbwt.com", "redirects": ["preselftbwt.com", "tbwt.com"]}
{"domain": "sympatico.ca", "redirects": ["preselfsympatico.ca", "sympatico.ca"]}
{"domain": "sympatico.ca", "redirects": ["preselfsympatico.ca", "sympatico.ca"]}
{"domain": "sympatico.ca", "redirects": ["sympatico.ca", "bell.net"]}
{"domain": "sympatico.ca", "redirects": ["preselfsympatico.ca", "sympatico.ca"]}
{"domain": "sympatico.ca", "redirects": ["preselfsympatico.ca", "sympatico.ca"]}
{"domain": "sympatico.ca", "redirects": ["preselfsympatico.ca", "sympatico.ca"]}
{"domain": "tagmymedia.com", "redirects": ["preselftagmymedia.com", "tagmymedia.com"]}
{"domain": "tagmymedia.com", "redirects": ["preselftagmymedia.com", "tagmymedia.com"]}
{"domain": "tagmymedia.com", "redirects": ["preselftagmymedia.com", "tagmymedia.com"]}
{"domain": "tagmymedia.com", "redirects": ["preselftagmymedia.com", "tagmymedia.com"]}
{"domain": "tagmymedia.com", "redirects": ["tagmymedia.com", "cpanel.net"]}
{"domain": "tagmymedia.com", "redirects": ["preselftagmymedia.com", "tagmymedia.com"]}
{"domain": "swirve.com", "redirects": ["preselfswirve.com", "swirve.com"]}
{"domain": "swirve.com", "redirects": ["preselfswirve.com", "swirve.com"]}
{"domain": "swirve.com", "redirects": ["preselfswirve.com", "swirve.com"]}
{"domain": "swirve.com", "redirects": ["preselfswirve.com", "swirve.com"]}
{"domain": "swirve.com", "redirects": ["swirve.com", "cpanel.net"]}
{"domain": "swirve.com", "redirects": ["preselfswirve.com", "swirve.com"]}
{"domain": "temporaryinbox.com", "redirects": ["preselftemporaryinbox.com", "temporaryinbox.com"]}
{"domain": "temporaryinbox.com", "redirects": ["preselftemporaryinbox.com", "temporaryinbox.com"]}
{"domain": "talk21.com", "redirects": ["preselftalk21.com", "talk21.com"]}
{"domain": "talk21.com", "redirects": ["preselftalk21.com", "talk21.com"]}
{"domain": "talk21.com", "redirects": ["preselftalk21.com", "talk21.com"]}
{"domain": "talk21.com", "redirects": ["preselftalk21.com", "talk21.com"]}
{"domain": "talk21.com", "redirects": ["preselftalk21.com", "talk21.com"]}
{"domain": "telstra.com", "redirects": ["preselftelstra.com", "telstra.com"]}
{"domain": "telstra.com", "redirects": ["preselftelstra.com", "telstra.com"]}
{"domain": "telstra.com", "redirects": ["preselftelstra.com", "telstra.com"]}
{"domain": "telstra.com", "redirects": ["preselftelstra.com", "telstra.com"]}
{"domain": "telstra.com", "redirects": ["preselftelstra.com", "telstra.com"]}
{"domain": "temp-mail.net", "redirects": ["temp-mail.net", "cpanel.net"]}
{"domain": "telpage.net", "redirects": ["telpage.net", "1and1.info"]}
{"domain": "telpage.net", "redirects": ["telpage.net", "1and1.info"]}
{"domain": "telerymd.com", "redirects": ["telerymd.com", "loopia.com"]}
{"domain": "the-boss.com", "redirects": ["preselfthe-boss.com", "the-boss.com"]}
{"domain": "the-boss.com", "redirects": ["preselfthe-boss.com", "the-boss.com"]}
{"domain": "the-frenchman.com", "redirects": ["preselfthe-frenchman.com", "the-frenchman.com"]}
{"domain": "the-frenchman.com", "redirects": ["preselfthe-frenchman.com", "the-frenchman.com"]}
{"domain": "spamavert.com", "redirects": ["spamavert.com", "buzondecorreo.com"]}
{"domain": "spamavert.com", "redirects": ["spamavert.com", "buzondecorreo.com"]}
{"domain": "terra.com.br", "redirects": ["preselfterra.com.br", "terra.com.br"]}
{"domain": "terra.com.br", "redirects": ["preselfterra.com.br", "terra.com.br"]}
{"domain": "terra.com.br", "redirects": ["preselfterra.com.br", "terra.com.br"]}
{"domain": "terra.com.br", "redirects": ["preselfterra.com.br", "terra.com.br"]}
{"domain": "terra.com.br", "redirects": ["preselfterra.com.br", "terra.com.br"]}
{"domain": "teleline.es", "redirects": ["preselfteleline.es", "teleline.es"]}
{"domain": "teleline.es", "redirects": ["teleline.es", "panel247.com"]}
{"domain": "teleline.es", "redirects": ["teleline.es", "panel247.com"]}
{"domain": "teleline.es", "redirects": ["teleline.es", "panel247.com"]}
{"domain": "teleline.es", "redirects": ["preselfteleline.es", "teleline.es"]}
{"domain": "teleline.es", "redirects": ["teleline.es", "panel247.com"]}
{"domain": "the-italian.com", "redirects": ["the-italian.com", "1and1.info"]}
{"domain": "the-italian.com", "redirects": ["the-italian.com", "1and1.info"]}
{"domain": "theroyalweb.club", "redirects": ["preselftheroyalweb.club", "theroyalweb.club"]}
{"domain": "theroyalweb.club", "redirects": ["preselftheroyalweb.club", "theroyalweb.club"]}
{"domain": "theroyalweb.club", "redirects": ["preselftheroyalweb.club", "theroyalweb.club"]}
{"domain": "theroyalweb.club", "redirects": ["preselftheroyalweb.club", "theroyalweb.club"]}
{"domain": "theroyalweb.club", "redirects": ["theroyalweb.club", "cpanel.net"]}
{"domain": "theroyalweb.club", "redirects": ["theroyalweb.club", "cpanel.net"]}
{"domain": "singnet.com.sg", "redirects": ["preselfsingnet.com.sg", "singnet.com.sg"]}
{"domain": "singnet.com.sg", "redirects": ["preselfsingnet.com.sg", "singnet.com.sg"]}
{"domain": "singnet.com.sg", "redirects": ["singnet.com.sg", "atmailcloud.com"]}
{"domain": "thecloudindex.com", "redirects": ["thecloudindex.com", "infomaniak.com", "infomaniak.com"]}
{"domain": "thecloudindex.com", "redirects": ["thecloudindex.com", "infomaniak.com", "infomaniak.com"]}
{"domain": "thecloudindex.com", "redirects": ["thecloudindex.com", "infomaniak.com", "infomaniak.com"]}
{"domain": "thecloudindex.com", "redirects": ["thecloudindex.com", "infomaniak.com", "infomaniak.com"]}
{"domain": "thecloudindex.com", "redirects": ["thecloudindex.com", "infomaniak.com", "infomaniak.com"]}
{"domain": "the-fastest.net", "redirects": ["the-fastest.net", "fastmail.com"]}
{"domain": "the-fastest.net", "redirects": ["the-fastest.net", "fastmail.com"]}
{"domain": "the-fastest.net", "redirects": ["the-fastest.net", "fastmail.com"]}
{"domain": "the-fastest.net", "redirects": ["the-fastest.net", "fastmail.com"]}
{"domain": "the-quickest.com", "redirects": ["the-quickest.com", "fastmail.com"]}
{"domain": "the-quickest.com", "redirects": ["the-quickest.com", "fastmail.com"]}
{"domain": "the-quickest.com", "redirects": ["the-quickest.com", "fastmail.com"]}
{"domain": "the-quickest.com", "redirects": ["the-quickest.com", "fastmail.com"]}
{"domain": "stargateradio.com", "redirects": ["stargateradio.com", "cpanel.net"]}
{"domain": "tkitc.de", "redirects": ["tkitc.de", "1and1.info"]}
{"domain": "tkitc.de", "redirects": ["tkitc.de", "1and1.info"]}
{"domain": "theteastory.info", "redirects": ["theteastory.info", "infomaniak.com", "infomaniak.com"]}
{"domain": "theteastory.info", "redirects": ["theteastory.info", "infomaniak.com", "infomaniak.com"]}
{"domain": "theteastory.info", "redirects": ["theteastory.info", "infomaniak.com", "infomaniak.com"]}
{"domain": "theteastory.info", "redirects": ["theteastory.info", "infomaniak.com", "infomaniak.com"]}
{"domain": "theteastory.info", "redirects": ["theteastory.info", "infomaniak.com", "infomaniak.com"]}
{"domain": "tiscali.it", "redirects": ["preselftiscali.it", "tiscali.it"]}
{"domain": "tiscali.it", "redirects": ["preselftiscali.it", "tiscali.it"]}
{"domain": "tempemail.net", "redirects": ["tempemail.net", "cpanel.net"]}
{"domain": "tormail.org", "redirects": ["tormail.org", "fastmail.com"]}
{"domain": "tormail.org", "redirects": ["tormail.org", "fastmail.com"]}
{"domain": "tormail.org", "redirects": ["tormail.org", "fastmail.com"]}
{"domain": "trashinbox.com", "redirects": ["preselftrashinbox.com", "trashinbox.com"]}
{"domain": "trashinbox.com", "redirects": ["preselftrashinbox.com", "trashinbox.com"]}
{"domain": "trashinbox.com", "redirects": ["preselftrashinbox.com", "trashinbox.com"]}
{"domain": "trashinbox.com", "redirects": ["preselftrashinbox.com", "trashinbox.com"]}
{"domain": "trashinbox.com", "redirects": ["trashinbox.com", "cpanel.net"]}
{"domain": "trashinbox.com", "redirects": ["trashinbox.com", "cpanel.net"]}
{"domain": "tualias.com", "redirects": ["tualias.com", "cpanel.net"]}
{"domain": "trash247.com", "redirects": ["trash247.com", "xpirio.net"]}
{"domain": "tonymanso.com", "redirects": ["preselftonymanso.com", "tonymanso.com"]}
{"domain": "tonymanso.com", "redirects": ["tonymanso.com", "cpanel.net"]}
{"domain": "tonymanso.com", "redirects": ["tonymanso.com", "cpanel.net"]}
{"domain": "trend-maker.ru", "redirects": ["preselftrend-maker.ru", "trend-maker.ru"]}
{"domain": "trend-maker.ru", "redirects": ["preselftrend-maker.ru", "trend-maker.ru"]}
{"domain": "tpg.com.au", "redirects": ["preselftpg.com.au", "tpg.com.au"]}
{"domain": "tpg.com.au", "redirects": ["preselftpg.com.au", "tpg.com.au"]}
{"domain": "tpg.com.au", "redirects": ["tpg.com.au", "atmailcloud.com"]}
{"domain": "ubm.md", "redirects": ["preselfubm.md", "ubm.md"]}
{"domain": "ubm.md", "redirects": ["preselfubm.md", "ubm.md"]}
{"domain": "uk2net.com", "redirects": ["preselfuk2net.com", "uk2net.com"]}
{"domain": "uk2net.com", "redirects": ["preselfuk2net.com", "uk2net.com"]}
{"domain": "ukr.net", "redirects": ["preselfukr.net", "ukr.net"]}
{"domain": "ukr.net", "redirects": ["preselfukr.net", "ukr.net"]}
{"domain": "ukr.net", "redirects": ["preselfukr.net", "ukr.net"]}
{"domain": "ukr.net", "redirects": ["preselfukr.net", "ukr.net"]}
{"domain": "urbismail.com", "redirects": ["preselfurbismail.com", "urbismail.com"]}
{"domain": "urbismail.com", "redirects": ["preselfurbismail.com", "urbismail.com"]}
{"domain": "urbismail.com", "redirects": ["preselfurbismail.com", "urbismail.com"]}
{"domain": "urbismail.com", "redirects": ["preselfurbismail.com", "urbismail.com"]}
{"domain": "urbismail.com", "redirects": ["urbismail.com", "cpanel.net"]}
{"domain": "urbismail.com", "redirects": ["preselfurbismail.com", "urbismail.com"]}
{"domain": "uno.it", "redirects": ["preselfuno.it", "uno.it"]}
{"domain": "uno.it", "redirects": ["preselfuno.it", "uno.it"]}
{"domain": "uno.it", "redirects": ["preselfuno.it", "uno.it"]}
{"domain": "uno.it", "redirects": ["preselfuno.it", "uno.it"]}
{"domain": "uol.com.br", "redirects": ["preselfuol.com.br", "uol.com.br"]}
{"domain": "uol.com.br", "redirects": ["preselfuol.com.br", "uol.com.br"]}
{"domain": "unseen.is", "redirects": ["unseen.is", "fastmail.com"]}
{"domain": "unseen.is", "redirects": ["unseen.is", "fastmail.com"]}
{"domain": "unseen.is", "redirects": ["unseen.is", "fastmail.com"]}
{"domain": "unseen.is", "redirects": ["unseen.is", "fastmail.com"]}
{"domain": "verdejo.com", "redirects": ["preselfverdejo.com", "verdejo.com"]}
{"domain": "verdejo.com", "redirects": ["preselfverdejo.com", "verdejo.com"]}
{"domain": "velnet.co.uk", "redirects": ["preselfvelnet.co.uk", "velnet.co.uk"]}
{"domain": "velnet.co.uk", "redirects": ["preselfvelnet.co.uk", "velnet.co.uk"]}
{"domain": "velnet.co.uk", "redirects": ["preselfvelnet.co.uk", "velnet.co.uk"]}
{"domain": "velnet.co.uk", "redirects": ["preselfvelnet.co.uk", "velnet.co.uk"]}
{"domain": "velnet.co.uk", "redirects": ["velnet.co.uk", "cpanel.net"]}
{"domain": "velnet.co.uk", "redirects": ["preselfvelnet.co.uk", "velnet.co.uk"]}
{"domain": "vip.gr", "redirects": ["preselfvip.gr", "vip.gr"]}
{"domain": "vip.gr", "redirects": ["preselfvip.gr", "vip.gr"]}
{"domain": "vip.gr", "redirects": ["preselfvip.gr", "vip.gr"]}
{"domain": "vip.gr", "redirects": ["preselfvip.gr", "vip.gr"]}
{"domain": "vip.gr", "redirects": ["vip.gr", "cpanel.net"]}
{"domain": "vip.gr", "redirects": ["preselfvip.gr", "vip.gr"]}
{"domain": "virgin.net", "redirects": ["preselfvirgin.net", "virgin.net"]}
{"domain": "virgin.net", "redirects": ["preselfvirgin.net", "virgin.net"]}
{"domain": "virgin.net", "redirects": ["preselfvirgin.net", "virgin.net"]}
{"domain": "virgin.net", "redirects": ["preselfvirgin.net", "virgin.net"]}
{"domain": "virgilio.it", "redirects": ["preselfvirgilio.it", "virgilio.it"]}
{"domain": "veryfast.biz", "redirects": ["veryfast.biz", "fastmail.com"]}
{"domain": "veryfast.biz", "redirects": ["veryfast.biz", "fastmail.com"]}
{"domain": "veryfast.biz", "redirects": ["veryfast.biz", "fastmail.com"]}
{"domain": "veryfast.biz", "redirects": ["veryfast.biz", "fastmail.com"]}
{"domain": "veryspeedy.net", "redirects": ["veryspeedy.net", "fastmail.com"]}
{"domain": "veryspeedy.net", "redirects": ["veryspeedy.net", "fastmail.com"]}
{"domain": "veryspeedy.net", "redirects": ["veryspeedy.net", "fastmail.com"]}
{"domain": "veryspeedy.net", "redirects": ["veryspeedy.net", "fastmail.com"]}
{"domain": "virginmedia.com", "redirects": ["preselfvirginmedia.com", "virginmedia.com"]}
{"domain": "virginmedia.com", "redirects": ["preselfvirginmedia.com", "virginmedia.com"]}
{"domain": "virginmedia.com", "redirects": ["preselfvirginmedia.com", "virginmedia.com"]}
{"domain": "virginmedia.com", "redirects": ["preselfvirginmedia.com", "virginmedia.com"]}
{"domain": "web-mail.de", "redirects": ["web-mail.de", "1and1.info"]}
{"domain": "web-mail.de", "redirects": ["web-mail.de", "1and1.info"]}
{"domain": "wamail.net", "redirects": ["preselfwamail.net", "wamail.net"]}
{"domain": "wamail.net", "redirects": ["preselfwamail.net", "wamail.net"]}
{"domain": "walkmail.ru", "redirects": ["preselfwalkmail.ru", "walkmail.ru"]}
{"domain": "walkmail.ru", "redirects": ["preselfwalkmail.ru", "walkmail.ru"]}
{"domain": "wem.com", "redirects": ["wem.com", "1and1.info"]}
{"domain": "wem.com", "redirects": ["wem.com", "1and1.info"]}
{"domain": "webarnak.fr.eu.org", "redirects": ["eu.org", "fastmail.com"]}
{"domain": "webarnak.fr.eu.org", "redirects": ["eu.org", "fastmail.com"]}
{"domain": "webarnak.fr.eu.org", "redirects": ["eu.org", "fastmail.com"]}
{"domain": "warpmail.net", "redirects": ["warpmail.net", "fastmail.com"]}
{"domain": "warpmail.net", "redirects": ["warpmail.net", "fastmail.com"]}
{"domain": "warpmail.net", "redirects": ["warpmail.net", "fastmail.com"]}
{"domain": "warpmail.net", "redirects": ["warpmail.net", "fastmail.com"]}
{"domain": "westnet.com.au", "redirects": ["preselfwestnet.com.au", "westnet.com.au"]}
{"domain": "westnet.com.au", "redirects": ["preselfwestnet.com.au", "westnet.com.au"]}
{"domain": "westnet.com.au", "redirects": ["westnet.com.au", "atmailcloud.com"]}
{"domain": "wg0.com", "redirects": ["wg0.com", "infomaniak.com", "infomaniak.com"]}
{"domain": "wg0.com", "redirects": ["wg0.com", "infomaniak.com", "infomaniak.com"]}
{"domain": "wg0.com", "redirects": ["wg0.com", "infomaniak.com", "infomaniak.com"]}
{"domain": "wg0.com", "redirects": ["wg0.com", "infomaniak.com", "infomaniak.com"]}
{"domain": "wg0.com", "redirects": ["wg0.com", "infomaniak.com", "infomaniak.com"]}
{"domain": "x-mail.net", "redirects": ["preselfx-mail.net", "x-mail.net"]}
{"domain": "ymail4.com", "redirects": ["preselfymail4.com", "ymail4.com"]}
{"domain": "ymail4.com", "redirects": ["preselfymail4.com", "ymail4.com"]}
{"domain": "yougotgoated.com", "redirects": ["yougotgoated.com", "dreamhost.com"]}
{"domain": "ya.ru", "redirects": ["preselfya.ru", "ya.ru"]}
{"domain": "ya.ru", "redirects": ["preselfya.ru", "ya.ru"]}
{"domain": "ya.ru", "redirects": ["preselfya.ru", "ya.ru"]}
{"domain": "ya.ru", "redirects": ["preselfya.ru", "ya.ru"]}
{"domain": "xsmail.com", "redirects": ["xsmail.com", "fastmail.com"]}
{"domain": "xsmail.com", "redirects": ["xsmail.com", "fastmail.com"]}
{"domain": "xsmail.com", "redirects": ["xsmail.com", "fastmail.com"]}
{"domain": "xsmail.com", "redirects": ["xsmail.com", "fastmail.com"]}
{"domain": "yandex.ru", "redirects": ["preselfyandex.ru", "yandex.ru"]}
{"domain": "yandex.ru", "redirects": ["preselfyandex.ru", "yandex.ru"]}
{"domain": "yandex.ru", "redirects": ["preselfyandex.ru", "yandex.ru"]}
{"domain": "yandex.ru", "redirects": ["preselfyandex.ru", "yandex.ru"]}
{"domain": "yandex.com", "redirects": ["preselfyandex.com", "yandex.com"]}
{"domain": "yandex.com", "redirects": ["preselfyandex.com", "yandex.com"]}
{"domain": "yandex.com", "redirects": ["preselfyandex.com", "yandex.com"]}
{"domain": "yandex.com", "redirects": ["preselfyandex.com", "yandex.com"]}
{"domain": "us.af", "redirects": ["preselfus.af", "us.af"]}
{"domain": "us.af", "redirects": ["preselfus.af", "us.af"]}
{"domain": "yepmail.net", "redirects": ["yepmail.net", "fastmail.com"]}
{"domain": "yepmail.net", "redirects": ["yepmail.net", "fastmail.com"]}
{"domain": "yepmail.net", "redirects": ["yepmail.net", "fastmail.com"]}
{"domain": "yepmail.net", "redirects": ["yepmail.net", "fastmail.com"]}
{"domain": "z86.ru", "redirects": ["preselfz86.ru", "z86.ru"]}
{"domain": "z86.ru", "redirects": ["preselfz86.ru", "z86.ru"]}
{"domain": "zoho.com", "redirects": ["preselfzoho.com", "zoho.com"]}
{"domain": "zoho.com", "redirects": ["preselfzoho.com", "zoho.com"]}
{"domain": "zoho.com", "redirects": ["preselfzoho.com", "zoho.com"]}
{"domain": "zoho.com", "redirects": ["preselfzoho.com", "zoho.com"]}
{"domain": "zoho.com", "redirects": ["preselfzoho.com", "zoho.com"]}
{"domain": "zoho.com", "redirects": ["preselfzoho.com", "zoho.com"]}
{"domain": "zoho.com", "redirects": ["preselfzoho.com", "zoho.com"]}
{"domain": "zipmail.com", "redirects": ["zipmail.com", "1and1.info"]}
{"domain": "zipmail.com", "redirects": ["zipmail.com", "1and1.info"]}
{"domain": "zomg.info", "redirects": ["preselfzomg.info", "zomg.info"]}
{"domain": "zomg.info", "redirects": ["preselfzomg.info", "zomg.info"]}
{"domain": "zomg.info", "redirects": ["preselfzomg.info", "zomg.info"]}
{"domain": "zomg.info", "redirects": ["preselfzomg.info", "zomg.info"]}
{"domain": "zomg.info", "redirects": ["zomg.info", "cpanel.net"]}
{"domain": "zomg.info", "redirects": ["preselfzomg.info", "zomg.info"]}
{"domain": "vankin.de", "redirects": ["preselfvankin.de", "vankin.de"]}
{"domain": "vankin.de", "redirects": ["preselfvankin.de", "vankin.de"]}
{"domain": "zeta-telecom.com", "redirects": ["zeta-telecom.com", "infomaniak.com", "infomaniak.com"]}
{"domain": "zeta-telecom.com", "redirects": ["zeta-telecom.com", "infomaniak.com", "infomaniak.com"]}
{"domain": "zeta-telecom.com", "redirects": ["zeta-telecom.com", "infomaniak.com", "infomaniak.com"]}
{"domain": "zeta-telecom.com", "redirects": ["zeta-telecom.com", "infomaniak.com", "infomaniak.com"]}
{"domain": "zeta-telecom.com", "redirects": ["zeta-telecom.com", "infomaniak.com", "infomaniak.com"]}
{"domain": "wbml.net", "redirects": ["wbml.net", "fastmail.com"]}
{"domain": "wbml.net", "redirects": ["wbml.net", "fastmail.com"]}
{"domain": "wbml.net", "redirects": ["wbml.net", "fastmail.com"]}
{"domain": "wbml.net", "redirects": ["wbml.net", "fastmail.com"]}
{"domain": "yedi.org", "redirects": ["yedi.org", "secureserver.net"]}
{"domain": "violinmakers.co.uk", "redirects": ["violinmakers.co.uk", "cpanel.net"]}
